Recettes,Ingrédients
Artichauts vinaigrette (pour bébé et toute la famille).html,"['2 à 4  artichaut(s)', '500 g pomme(s) de terre', '1 c. à café moutarde douce', '¼ tasse vinaigre', '½ tasse huile(s) végétale(s)', '1  citron', '1  échalote', 'qq brin(s) ciboulette']"
Asperges blanches et salade de pommes de terre.html,"['500 g asperge(s) blanche(s)', '500 g pomme(s) de terre', '1 tige(s) ciboule', '1 c. à café moutarde douce', '¼ tasse vinaigre', '½ tasse huile(s) végétale(s)', '½  citron(s)']"
Aubergines à la parmigiana.html,"['2  aubergine(s)', '400 g tomate(s)', '1  oignon(s)', '1 gousse ail', '1  mozzarella', '50 g parmesan', '  huile d’olive']"
Aumônières de légumes au saumon (Recette de Noël).html,"['4  crêpes', '200 g saumon', '1  poireau(x)', '1  carotte(s)', '1  navet(s)', '½ c. à café curry', '10 feuilles persil', '2 c. à soupe huile d’olive']"
Banana Brownie.html,"['300 g banane(s)', '3  oeuf(s)', ""90 g purée d'oléagineux"", '75 g farine', '45 mL lait', '35 g poudre de caroube', '1 c. à café levure', '1 poignée fruits à coque']"
Blanquette de veau (pour bébé et toute la famille).html,"['250 g veau', '250 g carotte(s)', '250 g champignons de Paris', '1 branche(s) céleri', '1  oignon(s)', '1  citron(s)', '150 g riz', '20 g farine', '20 cL crème liquide', '1 branche(s) persil', '1 branche(s) thym', '1  feuille(s) de laurier']"
Blanquette végétarienne aux haricots blancs.html,"['250 g haricots blancs', '250 g champignons', '300 g carotte(s)', '1  poireau(x)', '1  oignon(s)', '1 gousse ail', '1  citron(s)', '10 cL crème entière', '  persil', '1 c. à soupe huile d’olive', '100 g riz']"
Bo-bun facile (aux nems maison).html,"['2  carotte(s)', '1  concombre', '1  sucrine', '100 g vermicelles de riz', '5  feuille(s) de riz', '1  oeuf(s)', '1 poignée cacahuètes', '  herbes aromatiques', '  gingembre', '1 c. à soupe purée de cacahuètes', '  vinaigre', '  huile(s) végétale(s)', '½  citron']"
Boulets à la liégeoise (revisités pour bébé et toute la famille).html,"['250 g haché de boeuf + porc', '1  oeuf(s)', '½  oignon(s)', '1 tranche(s) pain', '2 brin(s) persil', '20 g beurre', '100 mL lait', '3  pomme(s)', '½  oignon(s)', '1 c. à soupe raisins secs', '1  clou de girofle', '1  baie de genièvre', '1 branche(s) thym', '1  feuille(s) de laurier', '1 c. à soupe vinaigre', '200 g pomme(s) de terre', '200 g carotte(s)', '200 g céleri-rave', '2 c. à soupe huile d’olive']"
"Boulettes aux lentilles vertes, riz et butternut rôti.html","['½  butternut', '75 g riz', '75 g lentilles', '1 petit oignon', '1 c. à soupe farine', '  chapelure', '  cumin', '  huile d’olive']"
"Boulettes aux lentilles, champignons avoine (et sauce tomates).html","['250 g champignons de Paris', '1  oignon(s)', '1 gousse ail', '400 g tomates concassées', '125 g riz', '75 g lentilles vertes', ""50 g flocons d'avoine"", '  origan', ""  huile d'olive""]"
"Boulettes aux pois chiches, purée de carottes.html","['750 g carotte(s)', '180 g pois chiches', ""70 g flocons d'avoine"", '1  échalote(s)', '  épices', '  huile d’olive', '  huile(s) végétale(s)', '  herbes aromatiques']"
Boulettes de poisson et purée de fenouil à l’aneth (pour bébé et toute la famille).html,"['250 g poisson blanc', '300 g pomme(s) de terre', '1 bulbe(s) fenouil', '1  échalote(s)', '½  citron(s)', '1 c. à soupe huile d’olive', '2 c. à soupe huile de colza', '1 c. à café aneth', '10 feuilles coriandre', '1 pincée(s) cumin']"
Boulettes d’aubergines à la sauce tomate.html,"['250 g aubergine(s)', '200 g pois chiches', '200 g tomates concassées', '150 g semoule de couscous', '60 g farine de pois chiches', '1  échalote(s)', '2 c. à soupe fécule de maïs', ""2 c. à soupe huile d'olive"", '1 gousse(s) ail', '5 g beurre', '  basilic']"
"Bricks à la courgette, feta.html","['400 g courgette(s)', '100 g feta', '10  feuilles de brick', '1 poignée pignons de pin', '1 pincée curry', ""1 c. à soupe huile d'olive"", '1  salade verte', '  vinaigrette']"
Brownie pour bébé et toute la famille.html,"['270 g patate(s) douce(s)', ""60 g poudre d'amandes"", ""50 g farine d'épeautre"", '50 g farine de riz', '40 g huile(s) végétale(s)', '40 g sirop de dattes', '40 g noix de pécan', '2 c. à soupe poudre de caroube', ""2 c. à café purée d'oléagineux"", '1 c. à café bicarbonate de soude alimentaire']"
Brownie salé carottes petits pois.html,"['500 g carotte(s)', '100 g petits pois', '2  oeuf(s)', ""70 g flocons d'avoine"", '70 g farine', '½ sachet(s) poudre à lever', '3 c. à soupe huile d’olive', '  cumin']"
Burger végétarien à la betterave (pour bébé et toute la famille).html,"['2  pains à burgers', '125 g betterave(s)', '125 g pois chiches', ""50 g flocons d'avoine"", '1  oignon(s)', '1 gousse(s) ail', '1 pincée(s) épices', '2 feuille(s) salade verte', '2 tranche(s) tome de brebis', '1  patate(s) douce(s)', '3  carotte(s)', '  huile d’olive', '  farine', '  épices', '1  yaourt', '  herbes aromatiques', '  sel, poivre']"
"Burger végétarien à la courgette, pois chiches et brie.html","['1  courgette', '250 g pois chiches', '100 g farine', '1 tige(s) ciboule', '1 gousse ail', '  herbes aromatiques', '  épices', '2  pains à burgers', '1  brie', '1  sucrine', '5  tomates séchées', '½  citron(s)', '  huile(s) végétale(s)', '150 g courgette(s)']"
Butternut farci au riz et à la feta.html,"['1  butternut', '1  salade verte', '40 cL bouillon de légumes', '150 g riz pour risotto', '100 g feta', '1  échalote(s)', ""2 c. à soupe huile d'olive"", '½ c. à café origan', '  sel, poivre', '  persil']"
Bûche de Noël (pour bébé et toute la famille).html,"['2  oeuf(s)', '60 g sucre', '60 g farine', '30 g beurre', '1 c. à café poudre à lever', '150 g compote de fruits', '2  petit-suisse(s)']"
Cabillaud à la crème de petits pois et brocolis (pour bébé et toute la famille).html,"['2  dos de cabillaud', '300 g petits pois', '300 g brocoli', '½  citron(s)', '1 c. à café aneth', '1 c. à soupe huile d’olive']"
Cake butternut roquefort et noix.html,"['250 g butternut', '50 g noix', '50 g roquefort', '200 g farine', '3  oeuf(s)', '50 mL lait', '30 g huile d’olive', '1 sachet(s) poudre à lever']"
Cake courgette menthe (à la farine de pois chiches).html,"['2  courgette(s)', '150 g farine', '100 g farine de pois chiches', '3  oeuf(s)', '150 mL lait', '80 g fromage râpé', ""3 c. à soupe huile d'olive"", '1 bouquet menthe']"
Cake moelleux aux prunes.html,"['4  prune(s)', '20 cL lait', '200 g farine', ""100 g poudre d'amandes"", '2  oeuf(s)', '40 g beurre', '40 g sirop de dattes', '2 c. à café poudre à lever', '  amandes effilées']"
Cake vegan aux carottes façon dahl.html,"['200 g carotte(s)', '100 g lentilles corail', ""100 g flocons d'avoine"", '20 cL crème de coco', '1 c. à café curry', '½ sachet(s) poudre à lever', '  graines de courges']"
Caldo verde (soupe portugaise au chou frisé).html,"['½  chou vert', '2  pomme(s) de terre', '2  saucisses', '1,5 L bouillon de légumes', '  persil']"
Carrot cake à l’orange glacé au fromage blanc.html,"['250 g carotte(s)', '1  orange(s)', '80 g farine', '2  oeuf(s)', '70 g noisettes', '70 g amandes', '50 g cassonade', '25 g huile(s) végétale(s)', '½ sachet(s) poudre à lever', '1 c. à café cannelle', '100 g fromage blanc']"
Ceviche de cabillaud et patates douces (pour bébé et toute la famille).html,"['1 kg patate(s) douce(s)', '300 g dos de cabillaud', '½  oignon(s) rouge(s)', '1 bouquet coriandre', '5  citron(s) vert(s)', '2 c. à soupe huile d’olive', '2 pincée(s) piment d’Espelette', '  sel']"
Chakchouka de courgette.html,"['2  courgette(s)', '400 g tomates concassées', '1  poivron(s) rouge(s)', '3  oeuf(s)', '1  échalote(s)', ""2 c. à soupe huile d'olive"", '1 c. à café paprika', '  sel, poivre', '  pain pita']"
Chakchouka.html,"['2  poivron(s) rouge(s)', '300 g tomate(s)', '½  oignon(s)', '1 gousse ail', '  épices', '  herbes aromatiques', '2 à 4  oeuf(s)', ""  huile d'olive"", '150 g riz']"
Chili sin carne (pour bébé et toute la famille).html,"['500 g tomate(s)', '3  carotte(s)', '140 g maïs', '250 g haricots rouges', '200 g riz', '1  oignon(s)', '2 c. à café épices mexicaines', '1 c. à soupe huile d’olive']"
Chou fleur rôti au paprika.html,"['½  chou-fleur', '150 g riz', '30 g parmesan', '20 g farine', ""3 c. à soupe huile d'olive"", '1 c. à café paprika', '  sel, poivre', '  coriandre']"
Choux de Bruxelles à la crème et polenta crémeuse.html,"['600 g choux de Bruxelles', '30 cL lait', '200 mL crème liquide', '100 g polenta', '1  échalote(s)', '1 gousse(s) ail', '25 g parmesan', '20 g beurre', '1 c. à soupe moutarde', '  sel, poivre', '  persil']"
Conchiglioni épinards et ricotta (pour bébé et toute la famille).html,"['150 g pâtes à farcir', '400 g épinards', '200 g ricotta', '200 g coulis de tomates', '5 feuilles basilic', '20 g parmesan', ""  huile d'olive"", '  sel, poivre']"
Coquillettes au jambon (pour bébé et toute la famille).html,"['200 g coquillettes', '3 tranche(s) jambon blanc', '250 g carotte(s)', '150 g navet(s)', '3  tomate(s)', '1  oignon(s)', 'qq brin(s) ciboulette', '50 g fromage râpé', '1 c. à soupe huile d’olive', '1 c. à soupe huile de colza', '  sel, poivre']"
Courge butternut rôtie aux amandes (pour bébé et toute la famille).html,"['1  butternut', '30 g amandes', '3 pincée(s) thym', '3 c. à soupe huile d’olive']"
Courgettes farcies (pour bébé et toute la famille).html,"['4  courgette(s) ronde(s)', '1  poivron(s) rouge(s)', '1  oignon(s)', '100 g riz', '100 g ricotta', '1 poignée(s) pignons de pin', '8 feuilles basilic', '1 c. à soupe huile d’olive']"
Courgettes rondes farcies à la semoule et aux tomates.html,"['5  courgette(s) ronde(s)', '100 g tomates concassées', '100 g semoule de couscous', '1  échalote(s)', '1 c. à soupe concentré de tomates', '1 gousse(s) ail', '5 g beurre', '½ c. à café romarin']"
Couscous aux légumes (pour bébé et toute la famille).html,"['250 g carotte(s)', '250 g courgette(s)', '250 g tomates concassées', '125 g navet(s)', '125 g céleri-branche', '1  oignon(s)', '50 g pois chiches', '200 g semoule de couscous', '10 feuilles persil', '1 c. à café ras-el-hanout', '2 c. à soupe huile d’olive']"
Couscous aux légumes racines.html,"['250 g carotte(s)', '250 g céleri-rave', '150 g navet(s)', '150 g panais', '20 cL coulis de tomates', '1 poignée raisins secs', '125 g semoule de couscous', '  cumin', '  cannelle', '  huile(s) végétale(s)']"
"Couscous aux navets, carottes et raisins secs.html","['250 g navet(s)', '200 g carotte(s)', '10 cL coulis de tomates', '1 poignée raisins secs', '1  oignon', '100 g semoule de couscous', '  épices', '  huile d’olive', '  huile de colza']"
Croque-monsieur aux poireaux (pour bébé et toute la famille).html,"['2  poireau(x)', '2 tranche(s) jambon blanc', '4 tranche(s) pain de mie', '60 g emmental', '2 c. à soupe huile(s) végétale(s)']"
Croquettes de millet aux légumes (pour bébé et toute la famille).html,"['120 g millet', '1  oeuf(s)', '½  oignon(s)', '500 g carotte(s)', '250 g pousses d’épinards', '2 c. à soupe fécule de maïs', '½ c. à café  épices au choix', '150 g yaourt grec', '½  citron(s)', '4 brin(s) ciboulette', '2 c. à soupe huile d’olive']"
Croziflette au potimarron (pour bébé et toute la famille).html,"['200 g crozets', '½  potimarron', '200 g jambon blanc', '1  oignon(s)', '½  reblochon', '25 cL crème fraîche', '1 c. à soupe huile d’olive', '  poivre']"
Crumble au potimarron et noisettes (pour bébé et toute la famille).html,"['1  potimarron', '1  oignon(s)', '50 g noisettes en poudre', '50 g parmesan', '50 g farine', '50 g beurre', ""1 c. à soupe huile d'olive""]"
"Crumble au potiron, carottes, parmesan et noisettes.html","['400 g carotte(s)', '600 g potiron', '100 g farine', '50 g noisettes en poudre', '50 g parmesan', '50 g beurre']"
Crumble aux pommes et bananes (pour bébé et toute la famille).html,"['4  pomme(s)', '2  banane(s)', '1 c. à café cannelle', '100 g beurre', ""100 g poudre d'amandes"", '100 g farine', '100 g sucre de canne']"
Crumble de brocoli et tomates.html,"['1  brocoli', '200 g tomate(s)', '100 g farine', ""30 g poudre d'amandes"", ""30 g huile d'olive"", '80 g feta']"
Crumble de mûres.html,"['250 g mûres', '100 g compote de pommes', ""50 g flocons d'avoine"", '50 g beurre', ""50 g poudre d'amandes"", '30 g farine de riz', '30 g sirop de dattes']"
Crumble de tomates au fromage de chèvre.html,"['5  tomate(s)', '1  salade verte', '100 g fromage de chèvre', '1  échalote(s)', '35 g farine', '35 g beurre', '20 g parmesan', '2 c. à soupe chapelure', ""1 c. à soupe huile d'olive"", '1 gousse(s) ail', '  sel, poivre', '½ c. à café herbes de Provence']"
Crumble d’aubergines aux oignons caramélisés.html,"['500 g aubergine(s)', '2  oignon(s) jaune(s)', '1 gousse(s) ail', '100 g farine', ""5 c. à soupe  huile d'olive"", '½ c. à café thym']"
Crumble fraise rhubarbe.html,"['250 g fraises', '100 g compote de pommes', '1 tige(s) rhubarbe', ""50 g flocons d'avoine"", '50 g beurre', ""50 g poudre d'amandes"", '30 g farine de riz', '30 g sirop de dattes']"
Crumble pêches abricots.html,"['100 g abricot(s)', '100 g pêche(s)', '100 g compote de pommes', ""50 g flocons d'avoine"", '50 g beurre', ""50 g poudre d'amandes"", '30 g farine de riz', '30 g sirop de dattes']"
"Curry de butternut, patate douce et lentilles corail.html","['800 g butternut', '250 g patate(s) douce(s)', '40 g lentilles corail', '20 cL lait de coco', '1 c. à café curry', '  coriandre']"
Curry de carottes et pois chiches au gingembre.html,"['400 g carotte(s)', '200 mL lait de coco', '150 g pois chiches', '150 g semoule de couscous', '½  citron(s)', ""1 c. à soupe huile d'olive"", '10 g beurre', '2 cm gingembre', '1 gousse ail', '½ c. à café curry doux', '  persil']"
"Curry de chou-fleur aux lentilles corail, riz.html","['½  chou-fleur', '1  carotte', '50 g lentilles corail', '150 g riz', '20 cL lait de coco', '  curry', '  coriandre']"
"Curry de chou-fleur, carotte et patate douce (pour bébé et toute la famille).html","['500 g chou-fleur', '250 g patate(s) douce(s)', '250 g carotte(s)', '1  oignon(s)', '1 gousse(s) ail', '40 cl lait de coco', '1 c. à café curry doux', '2 c. à soupe huile d’olive', '  coriandre', '  noix de cajou', '  sel, poivre']"
"Curry de chou-fleur, patate douce et pois chiches, riz.html","['400 g chou-fleur', '300 g patate(s) douce(s)', '125 g pois chiches', '20 cL lait de coco', '  curry', '150 g riz']"
Curry de courgettes au lait de coco (pour bébé et toute la famille).html,"['4  courgette(s)', '150 g riz', '100 g lentilles corail', '20 cL lait de coco', '1 c. à café curry']"
"Curry de courgettes et pois chiches, riz.html","['600 g courgette(s)', '125 g pois chiches', '125 g riz', '20 cL lait de coco', '  curry']"
Curry de lentilles au lait de coco.html,"['300 mL bouillon de légumes', '200 mL lait de coco', '150 g riz', '125 g lentilles', '2  carotte(s)', '1  courgette(s)', '1  oignon(s)', '1 c. à soupe concentré de tomates', '1 c. à soupe huile(s) végétale(s)', '1 c. à café curry', '1 c. à café curcuma', '  persil']"
Curry de patate douce et banane plantain.html,"['500 g patate(s) douce(s)', '1  banane(s) plantain', '200 mL lait de coco', '100 g riz', '1  échalote(s)', '1 c. à soupe huile(s) végétale(s)', '½ c. à café curcuma', '½ c. à café curry', '  coriandre']"
Curry de poireaux et carottes.html,"['300 g carotte(s)', '1  poireau(x)', '1  oignon(s)', '1  citron vert', '1 gousse(s) ail', '2 cm gingembre', '240 g pois chiches', '200 mL lait de coco', '200 g tomates concassées', '150 g riz', '2 c. à soupe huile(s) végétale(s)', '1 c. à café curry', '1 c. à café curcuma', '1 c. à café coriandre moulue', '  persil']"
Curry de pois chiches et chou kale.html,"['400 mL lait de coco', '250 g chou kale', '150 g riz', '130 g pois chiches', '1  échalote(s)', '1 c. à soupe huile(s) végétale(s)', '1 c. à soupe jus de citron', '½ c. à café curry', '  persil']"
Dahl de butternut et lentilles corail (pour bébé et toute la famille).html,"['1 petit butternut', '100 g lentilles corail', '1  oignon(s)', '250 g riz', '100 mL lait de coco', '2 c. à soupe concentré de tomates', '  huile d’olive', '1 cm gingembre', '½ c. à café cumin', '½ c. à café curry', '  coriandre']"
Dahl de chou-fleur et lentilles corail.html,"['500 g chou-fleur', '100 g lentilles corail', '20 cL lait de coco', '10 cL coulis de tomates', '1  oignon(s)', '  huile d’olive', '  épices']"
Dahl de lentilles corail aux carottes et épinards.html,"['350 mL bouillon de légumes', '150 g lentilles corail', '2  carotte(s)', '150 g riz', '100 g épinards', '100 mL lait de coco', '1  oignon(s)', '1 c. à soupe huile(s) végétale(s)', '1 c. à café gingembre', '1 c. à café cumin', '1 c. à café paprika', '½ c. à café curcuma']"
Dahl de lentilles corail et courgette.html,"['400 g courgette(s)', '250 g tomate(s)', '75 g lentilles corail', '150 g riz', '20 cL lait de coco', '½  oignon(s)', '1 gousse ail', '1 c. à café curry', '1 bouquet coriandre', ""  huile d'olive""]"
Duo de carottes et pommes de terre rôties aux épices.html,"['500 g carotte(s)', '500 g pomme(s) de terre', '1 gousse ail', '2 c. à soupe huile d’olive', '  épices']"
Duo de muffins carottes et épinards à la ricotta.html,"['200 g carotte(s)', ""200 g pousses d'épinards"", '125 g ricotta', '200 g farine', '½ sachet(s) poudre à lever', '2  oeuf(s)', '100 mL lait']"
Enchiladas aux haricots rouges.html,"['5  galette(s) de blé', '250 g haricots rouges', '250 g carotte(s)', ""125 g pousses d'épinards"", '1  oignon', '1 gousse ail', '400 g tomates concassées', '10 cL coulis de tomates', '  fromage râpé', '  origan', ""  huile d'olive""]"
Endives au jambon sans amertume (pour bébé et toute la famille).html,"['5  endive(s)', '3  patate(s) douce(s)', '3 tranche(s) jambon blanc', '500 mL lait', '2 c. à soupe farine', '2 c. à soupe huile d’olive', '1 c. à café muscade moulue', '½  citron(s)', '1  morceau de sucre', '60 g fromage râpé']"
Fajitas (pour bébé et toute la famille).html,"['4  galette(s) de blé', '2  poivron(s)', '2  carotte(s)', '1  oignon(s)', '1  avocat(s)', '140 g maïs', '250 g haricots rouges', '1 c. à café cumin', '1 c. à café paprika', '1 bouquet coriandre', '1  citron vert', '2 c. à soupe huile d’olive']"
"Feuilletés chèvre-épinards, poêlée de champignons.html","['300 g épinards', '250 g champignons', '60 g mâche', '1  pâte feuilletée', '½  bûche de fromage de chèvre', '1  oignon(s)', '1 c. à soupe farine', '  huile d’olive', '  poivre', '  persil']"
Flan aux brocolis (pour bébé et toute la famille).html,"['1  brocoli', '4  oeuf(s)', '4 c. à soupe farine', '4 c. à soupe crème fraîche', '30 g parmesan', '1 bouquet basilic']"
"Fleurettes de brocoli et riz blanc, sauce au yaourt et aneth.html","['1  brocoli', '150 g riz', '1  yaourt nature', '1 c. à soupe huile(s) végétale(s)', '  aneth']"
Frites de patate douce et crème de feta au tahini.html,"['700 g patate(s) douce(s)', '100 g feta', '1  citron(s)', '50 g tahini', '2 c. à soupe huile(s) végétale(s)', '2 c. à café paprika', '½ c. à café cumin', '  menthe']"
Frites de polenta et brocolis.html,"['150 g polenta', '1  brocoli', '40 g parmesan', '  épices', '1 cube bouillon cube de légumes']"
Galettes aux blettes et quinoa.html,"['250 g blettes', '1  carotte(s)', '1  oignon(s)', '100 g quinoa', '50 g farine de sarrasin', '50 g fécule de maïs', '1  oeuf(s)', '50 g bûche de fromage de chèvre', '  huile(s) végétale(s)', '1  salade verte']"
Galettes bretonnes aux poireaux (pour bébé et toute la famille).html,"['125 g farine de sarrasin', '300 mL eau', '2 c. à soupe huile(s) végétale(s)', '3  poireau(x)', '½  camembert', '30 g beurre', '  poivre']"
"Galettes de betterave, haricots rouge et avoine et frites de patate douce.html","['150 g betterave(s)', '125 g haricots rouges', ""50 g flocons d'avoine"", '1 petit oignon', '500 g patate(s) douce(s)', '  paprika', '  cumin', '  huile d’olive']"
Gaspacho andalou et tartines de fromage frais.html,"['600 g concombre', '250 g poivron(s) rouge(s)', '250 g tomate(s)', ""2 c. à soupe huile d'olive"", '10 feuilles basilic', '  pain', '  fromage frais', '  sel, poivre']"
Gaspacho de concombre et tartines.html,"['2  concombre', '1 tige(s) ciboule', '1 gousse ail', '½  citron', '1 poignée menthe', '2 c. à soupe huile d’olive', '  sel, poivre', '1  pain de campagne', '  fromage frais', '  tomates séchées']"
Gaufres aux épinards.html,"['250 g épinards', '1  yaourt nature', '2  oeuf(s)', '150 g farine', '1 c. à soupe huile d’olive']"
"Gnocchis de butternut, sauce au morbier (Recette de Noël).html","['500 g butternut', '150 g pomme(s) de terre', '150 g farine', '1 pincée(s) muscade moulue', '75 g morbier', '20 cl crème liquide', '  huile(s) végétale(s)', '  poivre']"
Gnocchis de patate douce (pour bébé et toute la famille).html,"['600 g patate(s) douce(s)', '150 g farine', '50 g parmesan']"
Gnocchis à la crème de fenouil et petits pois.html,"['250 g fenouil', '125 g petits pois', '400 g gnocchis', '  aneth', '  huile(s) végétale(s)']"
Gratin dauphinois au céleri.html,"['500 g pomme(s) de terre', '500 g céleri-rave', '20 cL crème entière', '250 mL lait', '1 gousse ail', '  muscade moulue', '  poivre', ""50 g pousses d'épinards"", '  huile(s) végétale(s)']"
Gratin dauphinois.html,"['700 g pomme(s) de terre', '1  salade verte', '20 cL crème liquide', '150 mL lait entier', '30 g fromage râpé', '10 g beurre', '1 gousse(s) ail', '1 pincée(s) muscade moulue', '  sel, poivre']"
Gratin de blettes (pour bébé et toute la famille).html,"['1 botte(s) blettes', '250 g pomme(s) de terre', '20 g beurre', '20 g farine', '250 mL lait', '1 pincée(s) muscade moulue', '50 g fromage râpé']"
Gratin de chou-fleur et quinoa à l’amande.html,"['600 g chou-fleur', '100 g quinoa', '20 cL crème entière', ""40 g poudre d'amandes"", '  poivre']"
Gratin de gnocchis au brocoli.html,"['1  brocoli', '400 g gnocchis', '20 cL crème', '  fromage râpé']"
Gratin de navets.html,"['800 g navet(s)', '50 g gruyère râpé', '3 c. à soupe crème fraîche', '  sel, poivre']"
"Gratin de pâtes, saumon et épinards (pour bébé et toute la famille).html","['600 g épinards', '250 g pâtes', '200 g saumon', '2 c. à soupe huile d’olive', '2 c. à soupe farine', '300 mL lait', '  muscade moulue', '  chapelure']"
Gratin d’endives aux poires et noix.html,"['4  endive(s)', '1  salade verte', '1  poire(s)', '100 g fromage de chèvre frais', '1  oeuf', '50 g crème fraîche', '30 g beurre', '20 g noix', '  persil', '  sel, poivre']"
Gratin d’endives et patate douce.html,"['4  endive(s)', '500 g patate(s) douce(s)', '250 mL lait', '25 g beurre', '25 g farine', '  muscade moulue']"
Gratin polenta épinards et ricotta.html,"['400 g épinards', '125 g ricotta', '125 g polenta']"
"Green burger aux petits pois, compotée de fenouil.html","['200 g petits pois', '200 g pois chiches', '1  fenouil', '2  pains à burgers', '1 c. à soupe farine', '2 c. à soupe vinaigre de pomme', '  huile d’olive', '  aneth', '  chapelure']"
Hachis Parmentier végétarien au butternut et lentilles.html,"['½  butternut', '250 g pomme(s) de terre', '150 g tomates concassées', '100 g champignons', '1  oignon(s)', '1  carotte(s)', '75 g lentilles vertes', '25 mL lait', '1 gousse(s) ail', ""2 c. à soupe huile d'olive"", '1 pincée(s) muscade moulue', '1  feuille(s) de laurier', '  sel, poivre']"
Hachis Parmentier végétarien à la patate douce.html,"['800 g patate douce', '200 g carotte(s)', '250 g haricots rouges', '1  oignon', '400 g tomates concassées', '  huile d’olive', '  thym', '  fromage râpé']"
Haricots beurre à la méditerranéenne.html,"['500 g haricots beurre', '1  poivron(s) rouge(s)', '40 g olives', '1  oignon(s)', '1 gousse(s) ail', ""1 c. à soupe huile d'olive"", '1 c. à café paprika', '  persil', '  sel, poivre']"
Haricots plats au beurre persillé.html,"['300 g haricots plats', '15 g beurre', '  persil', '  sel, poivre']"
Haricots plats à la tomate.html,"['500 g haricots plats', '400 g tomates concassées', '1  oignon(s)', '1 gousse(s) ail', ""2 c. à soupe huile d'olive"", '  persil', '  sel, poivre']"
Haricots verts à la provençale.html,"['300 g haricots verts', '200 g courgette(s) jaune(s)', '200 g tomates cerises', '1  échalote(s)', '1 gousse ail', ""1 c. à soupe huile d'olive"", '  persil']"
Haricots verts à la sauce tomate et lentilles corail.html,"['300 g haricots verts', '75 g lentilles corail', '250 g tomate(s)', '½  oignon(s)', '1 gousse ail', ""  huile d'olive"", '100 g quinoa']"
Houmous et crudités.html,"['250 g pois chiches', '½  citron', ""2 c. à soupe huile d'olive"", '2 c. à soupe huile de sésame', '1 c. à café cumin', '1  concombre', '2  carotte(s)', '250 g tomates cerises', '200 g chou-fleur', '  pain pita']"
Houmous pour bébé et grands.html,"['1 boîte pois chiches', '2 c. à soupe huile d’olive', '1 c. à soupe tahin', '1 c. à café cumin', '  persil']"
Lasagnes aux blettes.html,"['750 g blettes', '6 feuille(s) lasagnes', '400 g tomates concassées', '1  oignon(s)', '  cumin', ""  huile d'olive"", '½  bûche de fromage de chèvre']"
Lasagnes aux épinards.html,"['400 g épinards', '300 g tomate(s)', '½  oignon(s)', '10 feuilles lasagnes', ""2 c. à soupe huile d'olive"", '25 g farine', '250 mL lait', '  muscade moulue', '  herbes de Provence', '  fromage râpé']"
Lasagnes végétariennes aux légumes (pour bébé et toute la famille).html,"['12 feuille(s) lasagnes', '50 g parmesan', '400 g tomates concassées', '400 g carotte(s)', '250 g champignons de Paris', '250 g haricots rouges', '1  oignon(s)', '1 c. à café herbes aromatiques', ""1 c. à soupe huile d'olive"", '3 c. à soupe huile d’olive', '2 c. à soupe farine', '500 mL lait', '1 pincée(s) muscade moulue', '20 g petites pâtes']"
Lasagnes à la courge.html,"['6 feuille(s) lasagnes', '50 g parmesan', '700 g courge', '1  oignon(s)', '1 gousse(s) ail', '1 c. à soupe huile d’olive', '3 feuille(s) sauge', '30 g beurre', '30 g farine', '300 mL lait', '1 pincée muscade moulue']"
Lasagnes épinards ricotta.html,"['500 g épinards', '10 feuille(s) lasagnes', '150 g ricotta', '25 g beurre', '25 g farine', '250 mL lait', '  muscade moulue', '  parmesan']"
Lentilles crémeuses aux champignons et sa purée de pommes de terre.html,"['600 g pomme(s) de terre', '40 cL bouillon de légumes', '150 mL lait', '120 g lentilles', '70 g champignons', '1  oignon(s)', ""1 c. à soupe huile d'olive"", '1 c. à café fécule de maïs', '  persil', '  sel, poivre']"
Lentilles vertes et potimarron façon hachis Parmentier (pour bébé et toute la famille).html,"['½  potimarron', '200 g carotte(s)', '80 g lentilles vertes', '1  oignon(s) jaune(s)', '1 gousse(s) ail', '  huile d’olive', '  cumin', '  muscade moulue']"
"Linguini aux fèves, pesto et tomates cerises.html","['250 g linguini', '150 g fèves pelées', '100 g tomates cerises', '1  burrata', '½  courgette(s)', '1 bouquet basilic', '1 gousse ail', '15 g pignons de pin', '25 g parmesan', ""1 c. à soupe huile d'olive""]"
"Légumes rôtis, fêta et coriandre.html","['400 g patate(s) douce(s)', '300 g carotte(s)', '150 g blé', '125 g pois chiches', '100 g feta', '1  échalote(s)', '1 gousse(s) ail', ""2 c. à soupe huile d'olive"", '1 c. à café paprika', '1 c. à café cumin', '  coriandre', '  sel, poivre']"
Mac & Cheese au butternut et lentilles corail.html,"['200 g pâtes', '350 g butternut', '40 g lentilles corail', '10 cL crème liquide', '40 g fromage râpé']"
Macaroni and cheese au potimarron.html,"['200 g pâtes', '½  potimarron', '15 cL bouillon de légumes', '1  oignon(s)', '50 g cheddar', '1 c. à soupe huile(s) végétale(s)', '  persil']"
Mafé végétarien aux haricots rouges.html,"['400 g tomates concassées', '300 g carotte(s)', '250 g haricots rouges', '150 g riz', '40 g purée de cacahuètes', '1  échalote(s)', '1 c. à soupe huile(s) végétale(s)', '2  feuille(s) de laurier', '  persil']"
Magret de canard à l’orange et haricots verts (pour bébé et la famille).html,"['1  magret de canard', '300 g haricots verts', '6 à 8  pomme(s) de terre', '1  orange(s)', '1 c. à soupe miel', '1 c. à soupe vinaigre', '1 c. à café huile(s) végétale(s)', '  sel, poivre']"
Mini-courges farcies aux poireaux et champignons.html,"['5  courges Jack be little', '250 g champignons', '1  poireau(x)', '1  salade verte', '50 g riz', '3 c. à soupe crème fraîche', '30 g comté', '1 c. à soupe huile(s) végétale(s)', '  sel, poivre']"
Mon premier gâteau d’anniversaire (poisson marbré).html,"['1  yaourt nature', '1 pot(s) sucre', '1 pot(s) compote de pommes', '2  oeuf(s)', '3 pot(s) farine', '1 c. à soupe cacao en poudre', '1 sachet(s) poudre à lever', '½ pot(s) huile(s) végétale(s)', '1  poire(s)', '1  petit-suisse']"
Moussaka (pour bébé et toute la famille).html,"['3  aubergine(s)', '1  oignon(s)', '250 g coulis de tomates', '125 g boeuf haché', '30 g parmesan', '1 c. à soupe farine', '2 c. à soupe huile d’olive', '200 mL lait', '1 pincée(s) muscade moulue', '1 c. à café herbes de Provence']"
Moussaka végétarienne.html,"['2  aubergine(s)', '500 g pomme(s) de terre', '300 g tomates', '½  oignon(s)', '1 gousse ail', '250 g lentilles', '  herbes de Provence', ""2 c. à soupe huile d'olive"", '25 g farine', '250 mL lait', '  muscade moulue']"
Mousse de betterave au mascarpone (Recette de Noël).html,"['250 g betterave(s)', '125 g mascarpone', '1  citron(s)', '  huile d’olive']"
Mousse de courgettes (pour bébé et toute la famille).html,"['800 g courgette(s)', '4  oeuf(s)', '20 cL crème fraîche', '50 g farine', '1 c. à café herbes aromatiques']"
Muesli pour toute la famille.html,"[""500 g flocons d'avoine"", '300 g compote de pommes', '3 c. à soupe noix de coco râpée', '1 c. à soupe fécule de maïs', '100 g amandes', '100 g noisettes']"
Muffins au panais et romarin.html,"['250 g panais', '3  oeuf(s)', '100 g farine', '50 g fromage râpé', '½ sachet(s) poudre à lever', '  romarin', '  salade verte', '3  carotte(s)', '½  citron', '  huile(s) végétale(s)']"
Muffins aux épinards à la farine de pois chiches.html,"['200 g épinards', '100 g farine de blé', '100 g farine de pois chiches', '2  oeuf(s)', '150 mL lait', '50 g huile d’olive', '½ sachet(s) poudre à lever', '250 g carotte(s)', '1  orange(s)', '  huile(s) végétale(s)']"
Mug cake fondant au chocolat.html,"['6 carré(s) chocolat noir', '15 g beurre', '1 c. à soupe sucre', '1 c. à soupe farine', '30 mL lait', '1  oeuf(s)']"
Médaillons de lotte crème de panais et légumes-racines rôtis (Recette de Noël).html,"['2  panais', '3  carotte(s)', '1  patate(s) douce(s)', '200 g lotte', '100 mL lait', '1 c. à café herbes aromatiques', '1 gousse(s) ail', '1 c. à soupe farine', '2 c. à soupe huile d’olive', '20 g beurre', '1  citron(s)']"
Noix de Saint Jacques à la fondue de poireaux (pour bébé et toute la famille).html,"['8 à 10  noix de Saint Jacques', '500 g poireau(x)', '350 g pomme(s) de terre', '20 cL crème', '1  clémentine(s)', '2 c. à soupe huile d’olive', '  sel, poivre']"
Nouilles sautées au brocoli (pour bébé et toute la famille).html,"['1  brocoli', '2  carotte(s)', '1  oignon(s)', '150 g nouilles Soba', '2 c. à soupe huile de sésame', '1 c. à soupe sauce soja', '1 c. à soupe graines de sésame', '  gingembre', '  herbes aromatiques']"
"Nuggets de chou-fleur et salade de mâche, patate douce, avocat et pamplemousse.html","['600 g chou-fleur', '150 g farine', '200 mL lait', '1 c. à soupe coulis de tomates', '1 c. à café paprika', '  poivre', '300 g patate(s) douce(s)', '60 g mâche', '1  pamplemousse', '1  avocat', '  huile(s) végétale(s)']"
Number cake d’anniversaire pour bébé.html,"[""160 g poudre d'amandes"", '80 g sucre glace', '4 blanc(s) oeuf(s)', '20 cL crème liquide', '125 g mascarpone', '1 gousse vanille', '  fruits frais de saison']"
Palets de légumes (pour bébé et toute la famille).html,"['250 g carotte(s)', '250 g courgette(s)', '250 g petits pois', '1 petit(s) oignon(s)', '1  oeuf(s)', '25 g fécule de maïs', '2 c. à soupe  huile d’olive', '1 bouquet basilic']"
Parmentier aux haricots blancs et navets.html,"['400 g pomme(s) de terre', '250 g navet(s)', '200 g carotte(s)', '150 g haricots blancs', '20 cL coulis de tomates', '1 petit oignon', '1 gousse ail', '  herbes aromatiques', '  emmental râpé', '  huile d’olive']"
Patate douce rôtie et haricots verts.html,"['400 g patate(s) douce(s)', '300 g haricots verts', '1 gousse ail', '2 c. à soupe huile d’olive', '  paprika']"
Patates douces farcies à la mexicaine.html,"['2  patate(s) douce(s)', '1  salade verte', '250 g haricots rouges', '100 g fromage blanc', '1  oignon(s)', '3 c. à soupe maïs', ""1 c. à soupe huile d'olive"", '1 c. à café cumin', '1 c. à café paprika', '1 c. à café origan', '  persil', '  sel, poivre']"
Paupiettes de chou végétariennes.html,"['500 g chou vert', '150 g carotte(s)', '100 g haricots blancs', '50 g riz', '  huile d’olive']"
Paëlla (pour bébé et toute la famille).html,"['300 g riz', '100 g chorizo', '150 g crevettes', '  en option : autres fruits de mer au choix', '2  poivron(s) rouge(s)', '3  tomate(s)', '250 g petits pois', '1  oignon(s)', '1 gousse(s) ail', '2 c. à soupe huile d’olive', '½  citron(s)', '1 pincée paprika', '1 pincée curcuma', '1 pincée safran', '1  feuille(s) de laurier', '1 branche(s) thym', '  sel, poivre']"
Pissaladière au fenouil (pour bébé et toute la famille).html,"['1  pâte brisée', '3 à 4 bulbe(s) fenouil', '5 filets anchois', '1  oignon(s)', '1 gousse(s) ail', '50 g olives noires', '1 c. à café herbes de Provence', '4 c. à soupe huile d’olive', '1 petite pomme de terre']"
Pizza aux légumes (pour bébé et toute la famille).html,"['1  pâte à pizza', '200 g coulis de tomates', '100 g tomates cerises', '1  aubergine(s)', '1  mozzarella', '  origan', '  huile d’olive']"
Pizza aux poivrons et maïs.html,"['300 g farine', '½ sachet(s) levure boulangère', ""3 c. à soupe huile d'olive"", '1 c. à café sucre', '1 pincée sel', '200 mL eau', '20 cL coulis de tomates', '2  poivron(s)', '140 g maïs', '½  bûche de fromage de chèvre', '  herbes de Provence']"
Pizza de chou-fleur (pour bébé et toute la famille).html,"['500 g chou-fleur', '50 g fromage râpé', '1  oeuf(s)', '200 g champignons de Paris', '200 g coulis de tomates', '1 poignée(s) olives noires', '1  mozzarella', '  origan', '  huile d’olive', '1 boîte anchois', '1 petite pomme(s) de terre']"
Pizza lion à la carotte.html,"['1  pâte à pizza', '250 g carotte(s)', '10 cL coulis de tomates', '  fromage râpé', '  basilic', '1  tomates cerises', '1  haricots rouges', '1  champignon']"
Pizza verde à la courgette.html,"['450 g courgette(s)', '1 bouquet basilic', '1 gousse ail', '15 g pignons de pin', '25 g parmesan', '1  mozzarella', ""1 c. à soupe huile d'olive"", '300 g farine', '½ sachet(s) levure boulangère', '1 c. à café sucre', '200 mL eau', ""3 c. à soupe huile d'olive"", '1 pincée sel']"
Poireaux et haricots blancs en cocotte.html,"['400 g haricots blancs', '3  poireau(x)', '100 g champignons', '1  carotte(s)', '1 gousse(s) ail', '1  feuille(s) de laurier', '1 branche(s) thym', '1 c. à soupe huile(s) végétale(s)', '1 c. à café concentré de tomates', '  sel, poivre']"
Poires infusées au sirop de clémentines et épices (pour bébé et toute la famille).html,"['3  poire(s)', '2  clémentine(s)', '1 c. à café épices', '2 c. à soupe sucre de canne']"
"Poke bowl au riz, chou-rouge, céleri et potiron rôti, avocat.html","['150 g riz', '150 g chou rouge', '300 g céleri-rave', '300 g potiron', '1  avocat', '  huile d’olive', '  huile de colza', '  sauce soja', '  graines de sésame']"
Polenta aux aubergines rôties.html,"['2  aubergine(s)', '150 g polenta', '250 mL lait', ""  huile d'olive"", '½ cube bouillon cube de légumes']"
Polenta aux carottes et cumin.html,"['150 g polenta', '500 g carotte(s)', '  huile(s) végétale(s)', '  cumin']"
Polenta crémeuse au parmesan et tomates rôties.html,"['300 g tomates cerises', '30 cL lait', '30 cL eau', '100 g polenta', '25 g parmesan', '20 g pignons de pin', ""1 c. à soupe huile d'olive"", '½ c. à café herbes de Provence', '  basilic']"
Polenta crémeuse aux champignons et œuf mollet (pour bébé et toute la famille).html,"['500 g champignons de Paris', '100 g polenta', '3  oeuf(s)', '20 cL crème liquide', '1  oignon(s)', '1 gousse(s) ail', '  persil', '  huile d’olive', '  sel, poivre']"
Polenta crémeuse aux cèpes.html,"['120 g polenta', '50 g cèpes', '½  oignon(s)', '2 c. à soupe huile d’olive']"
Polenta crémeuse et asperges vertes.html,"['1 botte asperge(s) verte(s)', '125 g polenta', '10 cL crème fraîche', '  poivre', '  noisettes', '  huile(s) végétale(s)']"
Polenta et butternut rôti au four.html,"['½  butternut', '150 g polenta', '  huile d’olive', '  cumin']"
Polenta façon pizza familiale (sans gluten).html,"['150 g polenta', '60 cL eau', '20 cL coulis de tomates', '5  champignons de Paris', '2 tranche(s) jambon blanc', '50 g fromage râpé', '1 poignée(s) tomates cerises', '  herbes aromatiques', '  huile d’olive']"
"Potage de patate douce, carottes et haricots rouges au lait de coco.html","['400 g tomates concassées', '300 mL bouillon de légumes', '250 g patate(s) douce(s)', '250 g haricots rouges', '250 mL lait de coco', '2  carotte(s)', '2  oignon(s) nouveau(x)', ""1 c. à soupe huile d'olive"", '1 c. à soupe concentré de tomates', '1 c. à café épices tandoori', '  sel, poivre']"
Potimarron farci aux champignons et aux châtaignes.html,"['1  potimarron', '200 g champignons', '100 g châtaignes', '1  échalote(s)', '1 gousse ail', '2 c. à soupe crème fraîche', ""1 c. à soupe huile d'olive"", '1  salade verte']"
Potimarron rôti aux épices et boulgour.html,"['1  potimarron', '130 g pois chiches', '100 g boulgour', '100 g yaourt grec', '½  citron(s)', ""2 c. à soupe huile d'olive"", '½ c. à café cumin', '½ c. à café paprika', '  herbes aromatiques']"
"Potimarron rôti aux épices, fêta et grenade.html","['1  potimarron', '1  grenade', '100 g feta', '2 c. à soupe huile d’olive', '1 c. à soupe coriandre', '½ c. à café cumin', '½ c. à café paprika']"
Poulet à l’ananas (aigre-doux).html,"['200 g poulet', '1  ananas', '2 grosses carotte(s)', '3  tomate(s)', '1  oignon(s)', '1 gousse(s) ail', '  huile d’olive']"
"Poêlée de brocoli au sésame et sauce soja, mélange de riz et lentilles.html","['1  brocoli', '75 g riz', '75 g lentilles vertes', '  graines de sésame', '  sauce soja', '  huile d’olive', '½  citron(s)']"
Poêlée de carottes aux oignons et raisins secs.html,"['600 g carotte(s)', '150 g quinoa', '1  oignon(s)', '25 g raisins secs', ""2 c. à soupe huile d'olive"", '½ c. à café coriandre moulue', '1 pincée cannelle', '  coriandre', '  sel, poivre']"
Poêlée de légumes aux choux de Bruxelles.html,"['500 g choux de Bruxelles', '2  carotte(s)', '250 g pomme(s) de terre', '1  oignon(s)', '1 gousse(s) ail', ""1 filet huile d'olive"", '  persil', '  sel, poivre']"
Poêlée de légumes aux haricots blancs.html,"['300 g patate(s) douce(s)', '250 g haricots blancs', '100 g chou kale', '1  poireau(x)', '1  poivron(s) rouge(s)', '1 c. à soupe huile(s) végétale(s)', '1 gousse(s) ail', '  sel, poivre']"
Poêlée de pommes de terre et haricots verts.html,"['400 g pomme(s) de terre', '400 g haricots verts', '2 c. à soupe huile(s) végétale(s)', '1 gousse(s) ail', '½ c. à café thym', '  persil']"
"Poêlée de pommes de terre sautées, chou vert, carottes.html","['400 g chou vert', '400 g pomme(s) de terre', '350 g carotte(s)', '1 petit oignon', '1 gousse ail', '  huile d’olive']"
"Poêlée de pommes de terre, courgette et haricots rouges.html","['400 g pomme(s) de terre', '400 g courgette(s)', '150 g tomates cerises', '125 g haricots rouges', ""2 c. à soupe huile d'olive"", '½ c. à café thym', '  persil']"
Poêlée de riz aux côtes de blettes et champignons.html,"['250 g blettes', '250 g champignons', '150 g riz', '1  oignon(s)', '1 gousse ail', '1 c. à soupe huile d’olive', '  persil']"
Purée de carottes à l’orange et ses aiguillettes de canard (Recette de Noël).html,"['200 g aiguillette(s) de canard', '500 g carotte(s)', '2  pomme(s) de terre', '1  orange(s)', '1 c. à soupe vinaigre balsamique', '1 noix beurre', '2 c. à soupe huile de colza']"
Purée de céleri-rave et potiron grillé aux noisettes.html,"['600 g céleri-rave', '500 g potiron', '1 poignée noisettes', '  huile d’olive', '  huile de colza', '  épices']"
Purée de topinambour et sa poêlée de cèpes (Recette de Noël).html,"['500 g cèpes frais', '300 g topinambour(s)', '300 g pomme(s) de terre', '10 feuilles persil', '1 gousse(s) ail', '1 noix beurre', '1 c. à soupe huile d’olive']"
Pâtes au pesto de betterave.html,"['250 g pâtes', '150 g betterave(s)', '50 g fromage frais de chèvre', '½  citron', ""2 c. à soupe huile d'olive"", '1 poignée amandes', '  persil']"
Pâtes au pesto de chou kale.html,"['250 g pâtes', '200 g chou kale', '30 g pignons de pin', ""20 g poudre d'amandes"", '20 g huile d’olive', '2 c. à soupe jus de citron', '1 gousse ail', '  parmesan']"
"Pâtes au pesto de courgette, roquette et basilic.html","['1  courgette(s)', '40 g roquette', '250 g pâtes', '1 bouquet basilic', '1 poignée pignons de pin', '20 g parmesan', ""  huile d'olive""]"
Pâtes au pesto de petits pois et épinards.html,"['200 g pâtes', '150 g petits pois', ""100 g pousses d'épinards"", '30 g parmesan', ""3 c. à soupe huile d'olive"", '1 gousse(s) ail', '  basilic', '  sel, poivre']"
Pâtes aux boulettes de haricots rouges et carottes.html,"['200 g pâtes', ""80 g flocons d'avoine"", '125 g haricots rouges', '300 g carotte(s)', '200 g tomates concassées', '1  oignon(s)', '  cumin', '  huile d’olive']"
Pâtes façon carbonara forestière (pour bébé et toute la famille).html,"['500 g champignons de Paris', '180 g spaghetti', '1  oignon(s)', '3 tranche(s) jambon blanc', '15 cL crème fraîche', '1 c. à soupe huile d’olive', '1 jaune(s) oeuf(s)', '  persil', '1  pomme(s) de terre', '20 g petites pâtes']"
Pâtes ricotta épinards.html,"['300 g épinards', '125 g ricotta', '250 g pâtes', '1 c. à soupe huile(s) végétale(s)', '  pignons de pin']"
Pâtes à la bolognaise (pour bébé et toute la famille).html,"['500 g tomate(s)', '250 g carotte(s)', '2 branche(s) céleri', '1  oignon(s)', '1 gousse(s) ail', '250 g boeuf haché', '250 g pâtes', '1 c. à café herbes de Provence', '2 c. à soupe huile d’olive', '30 g parmesan', '  sel, poivre']"
Pâtes à la bolognaise végétarienne.html,"['400 g tomates concassées', '200 g pâtes', '150 g champignons', '100 g lentilles', '1  carotte(s)', '1  oignon(s)', '1 gousse(s) ail', ""1 c. à soupe huile d'olive"", '½ c. à café origan', '  basilic', '  parmesan']"
Pâtes à la crème de brocoli.html,"['1  brocoli', '250 g pâtes', '70 g parmesan', ""1 c. à soupe huile d'olive"", '1 c. à soupe crème fraîche', '1 gousse(s) ail', '  basilic', '  sel, poivre']"
"Pâtes à la crème de poireaux et ricotta, noisettes concassées.html","['2  poireau(x)', '250 g pâtes', '125 g ricotta', '  noisettes']"
Pâtes à la sauce arrabiata (aux poivrons rouges).html,"['1  poivron(s) rouge(s)', '500 g tomate(s)', '1  oignon(s)', '1 gousse ail', '250 g pâtes', '  basilic', ""  huile d'olive"", '  piment']"
Pâtes à la sauce bolognaise végétarienne (aux haricots rouges).html,"['250 g pâtes', '180 g carotte(s)', '150 g haricots rouges', '1 petit oignon', '10 cL coulis de tomates', '  herbes aromatiques', '  huile d’olive', '  fromage râpé']"
"Pâtes à la sauce tomates, chou-fleur et lentilles corail.html","['400 g chou-fleur', '250 g pâtes', '20 cL coulis de tomates', '75 g lentilles corail', '  thym', '  huile(s) végétale(s)']"
"Quesadillas à la patate douce et haricots rouges, guacamole.html","['6  galette(s) de blé', '400 g patate douce', '250 g haricots rouges', '1  oignon rouge', '1  salade verte', '1 à 2  avocat(s)', '1  citron vert', '1 sachet(s) fromage râpé', '  épices', '  coriandre', '  huile d’olive']"
Quiche aux asperges (pour bébé et toute la famille).html,"['1  pâte feuilletée', '1 botte(s) asperge(s)', '180 g petits pois', '3  oeuf(s)', '80 g feta', '150 mL lait', '  herbes aromatiques', '  huile(s) végétale(s)']"
Quiche aux courgettes et fromage de chèvre.html,"['1  pâte brisée', '400 g courgette(s)', '200 mL crème liquide', '200 mL lait', '3  oeuf(s)', '100 g fromage de chèvre', '1  salade verte', '1 pincée muscade moulue', '  sel, poivre']"
Quiche aux petits pois.html,"['1  pâte brisée', '200 g petits pois', '1  salade verte', '200 mL lait', '200 mL crème liquide', '3  oeuf(s)', '50 g emmental râpé', '2 pincée(s) muscade moulue', '  sel, poivre']"
Quinoa buddha bowl (pour bébé et toute la famille).html,"['300 g chair de courge', '150 g quinoa', '1  avocat', '½  mangue', '2 poignée(s) pousses d’épinards', '150 g pois chiches', '½  citron', '1 c. à café cumin', '2 c. à soupe graines de sésame', '1 bouquet coriandre', '1 c. à soupe huile d’olive']"
Quinoa chili.html,"['100 g quinoa', '250 g haricots rouges', '150 g maïs', '400 g tomates concassées', '1  oignon(s)', ""  huile d'olive"", '  cumin', '  coriandre']"
Quinoa printanier.html,"['150 g quinoa', '250 g carotte(s)', '½  concombre', '1 poignée raisins secs', '1 bouquet menthe', '1  citron(s)', '  huile(s) végétale(s)']"
Ratatouille (pour bébé et toute la famille).html,"['4  courgette(s)', '2  aubergine(s)', '2  poivron(s)', '6  tomate(s)', '2  oignon(s)', '2 c. à soupe huile d’olive', '1  feuille(s) de laurier', '1 branche(s) thym']"
Ratatouille et ses petits grains de blé.html,"['2  courgette(s)', '3  tomate(s)', '1  aubergine(s)', '1  poivron(s) rouge(s)', '1  oignon(s)', ""  huile d'olive"", '1  feuille(s) de laurier', '2 branche(s) thym', '150 g blé']"
Risotto au fromage de chèvre et potimarron.html,"['150 g riz pour risotto', '150 g potimarron', '1 L bouillon de légumes', '½  oignon(s)', '30 g fromage de chèvre', '1 c. à soupe huile(s) végétale(s)', '  persil']"
"Risotto au potimarron, comté et romarin (pour bébé et toute la famille).html","['½  potimarron', '150 g riz pour risotto', '50 g comté', '1  oignon(s)', '2 c. à soupe huile d’olive', '3 branche(s) romarin', '1  bouillon cube de légumes', '  sel, poivre']"
Risotto aux asperges et parmesan.html,"['1 botte asperge(s) verte(s)', '150 g riz pour risotto', '1  oignon(s)', '50 g parmesan', '1 cube(s) bouillon cube de légumes']"
Risotto aux champignons.html,"['1 L bouillon de légumes', '400 g champignons', '250 g riz pour risotto', '25 cL crème fraîche', '50 g parmesan', '20 g beurre', ""1 c. à soupe huile d'olive"", '2  échalote(s)', '1 gousse(s) ail', '  persil']"
Risotto aux poireaux et parmesan.html,"['3  poireau(x)', '150 g riz pour risotto', '50 g parmesan', '1 cube(s) bouillon cube de légumes', '  huile d’olive', '  poivre']"
"Risotto courgettes, petits pois et menthe (pour bébé et toute la famille).html","['150 g riz pour risotto', '500 g courgette(s)', '150 g petits pois', '1  oignon(s)', '  menthe', '  huile d’olive', '  sel, poivre']"
Risotto de carottes à l’orange.html,"['300 g carotte(s)', '150 g riz pour risotto', '1  oignon(s)', '1  orange(s)', '  herbes aromatiques', ""2 c. à soupe huile d'olive""]"
Risotto de champignons et courge butternut.html,"['50 cL bouillon de légumes', '½  butternut', '250 g champignons de Paris', '150 g riz pour risotto', '30 g parmesan', '1  oignon(s)', ""1 c. à soupe huile d'olive"", '1 pincée(s) thym', '  coriandre', '  sel, poivre']"
Risotto de courgettes au curry.html,"['150 g riz pour risotto', '50 cL bouillon de légumes', '2  courgette(s)', '20 cL lait de coco', '2  échalote(s)', ""1 c. à soupe huile d'olive"", '1 c. à café curry', '  parmesan']"
Risotto de céleri et châtaignes (pour bébé et toute la famille).html,"['½  céleri-rave', '150 g châtaignes', '20 cL crème', '50 g parmesan', '  mâche', '1 c. à café moutarde douce', '2 c. à soupe vinaigre', '3 c. à soupe huile(s) végétale(s)', '  sel, poivre']"
Risotto à la betterave (pour bébé et toute la famille).html,"['150 g riz pour risotto', '500 g betterave(s)', '1  oignon(s)', '½  bûche de fromage de chèvre', '2 c. à soupe huile d’olive', '5 brin(s) ciboulette', '  sel, poivre']"
Risotto à la courge butternut et au chou kale.html,"['300 g butternut', '210 g riz pour risotto', '150 g chou kale', '1  oignon', '1 L bouillon de légumes', '30 g parmesan', '20 g noix', '1 c. à soupe huile d’olive']"
Riz aux légumes d’été.html,"['1  courgette(s)', '1  poivron(s)', '2  tomate(s)', '1  oignon(s)', '150 g riz', '2 feuilles basilic', ""  huile d'olive""]"
Riz aux petits légumes.html,"['150 g riz', '200 g petits pois', '280 g carotte(s)', '250 g navet(s)', '  huile(s) végétale(s)', '  herbes aromatiques']"
Riz aux poireaux et champignons.html,"['3  poireau(x)', '250 g champignons', '150 g riz', '  huile d’olive', '  sauce soja']"
Riz cajun aux haricots rouges.html,"['1 boîte tomates concassées', '150 g riz', '1  poivron(s) vert(s)', '1  oignon(s)', '1 gousse(s) ail', '40 cL bouillon de légumes', '250 g haricots rouges', '1 c. à soupe huile(s) végétale(s)', '½ c. à café paprika', '½ c. à café cumin', '½ c. à café origan', '  persil']"
Riz cantonais végétarien (pour bébé et toute la famille).html,"['100 g riz', '150 g petits pois', '250 g carotte(s)', '100 g maïs', '2  oeuf(s)', '2  échalote(s)', '1 c. à café coriandre', '1 c. à soupe sauce soja', '2 c. à soupe huile d’olive']"
Riz crémeux aux poireaux et champignons.html,"['2  poireau(x)', '200 g riz', '100 g champignons de Paris', '100 g crème fraîche', '1  oignon(s)', '1 c. à soupe moutarde douce', ""1 filet huile d'olive"", '  sel, poivre']"
Riz et boulettes de haricots blancs aux légumes.html,"['200 g champignons', '100 g carotte(s)', '200 g haricots blancs', '150 g riz', ""50 g flocons d'avoine"", '20 cL coulis de tomates', '  herbes aromatiques']"
Riz et champignons à la crème.html,"['500 g champignons', '150 g riz', '1  oignon', '1 gousse ail', '  persil', '10 cL crème', '1 c. à soupe huile d’olive']"
"Riz sauté au chou chinois, champignons, carotte et sésame.html","['150 g riz', '¼  chou chinois', '125 g champignons', '150 g carotte(s)', '  graines de sésame', '  gingembre', '  coriandre', '  sauce soja', '  huile d’olive']"
Riz sauté aux petits légumes.html,"['150 g riz', '100 g petits pois', '2  carotte(s)', '1  oignon(s)', '50 g champignons', '2 c. à soupe sauce soja', '1 c. à soupe huile(s) végétale(s)']"
Rougail saucisses (pour bébé et toute la famille).html,"['2  saucisses fumées', '250 g carotte(s)', '400 g tomates pelées', '1  oignon(s)', '2 gousse(s) ail', '1 cm gingembre', '1  feuille(s) de laurier', '1 branche(s) thym', '½ c. à café curcuma', '½ c. à café piment', '2 c. à soupe huile d’olive']"
Rouleaux de printemps (pour bébé et toute la famille).html,"['8 à 16  feuilles de riz', '8 feuille(s) salade verte', '250 g carotte(s)', '1  concombre', '1  avocat(s)', '100 g vermicelles de riz', '50 g cacahuètes', '1 bouquet menthe', '  huile(s) végétale(s)']"
Roulés de dinde farcis aux marrons et purée de potimarron patate douce (Recette de Noël).html,"['2  escalope(s) de dinde', '50 g champignons de Paris', '50 g châtaignes', '1  échalote(s)', ""1 c. à soupe huile d'olive"", '  persil', '1  patate(s) douce(s)', '½  potimarron', '2 c. à soupe huile de colza']"
"Röstis de pomme de terre, salade de pousses d’épinards.html","['500 g pomme(s) de terre', '1  oeuf(s)', '1  oignon(s)', '2 c. à soupe farine', ""125 g pousses d'épinards"", ""  huile d'olive"", '  poivre', '1 c. à café moutarde douce', '2 c. à soupe vinaigre', '6 c. à soupe huile(s) végétale(s)']"
Röstis de topinambour et courge aux épices (pour bébé et toute la famille).html,"['300 g topinambour(s)', '300 g pomme(s) de terre', '500 g courge', '1  oignon(s)', '1  oeuf(s)', '25 g fécule de maïs', '1  citron(s)', '2 branches persil', '2 c. à soupe huile d’olive', '  épices au choix']"
Salade complète aux haricots verts  (pour bébé et toute la famille).html,"['400 g haricots verts', '3 à 4  tomates', '400 g pomme(s) de terre', '140 g maïs', '2  oeuf(s)', '2 c. à soupe huile de colza', '5 brin(s) ciboulette', '  citron']"
"Salade de betterave, pois chiches, chèvre et noix.html","['500 g betterave(s)', '1  salade verte', '125 g pois chiches', '1 poignée noix', '½  bûche de fromage de chèvre', '1  pain', '  huile(s) végétale(s)']"
"Salade de betteraves, quinoa, orange et feta.html","['350 g betterave(s)', '150 g quinoa', '100 g feta', '2  orange(s)', '1 c. à soupe huile(s) végétale(s)']"
Salade de lentilles aux légumes racines et noisettes.html,"['250 g céleri-rave', '250 g carotte(s)', '150 g panais', '150 g navet(s)', '150 g lentilles vertes', '1 poignée noisettes', '  huile(s) végétale(s)']"
Salade de lentilles corail au chou kale.html,"['150 g chou kale', '150 g lentilles corail', '1  avocat(s)', '60 g feta', '30 g noix de pécan', '2 c. à soupe huile d’olive', '½  citron vert']"
Salade de quinoa à la grecque.html,"['100 g quinoa', '1  concombre', '200 g tomates cerises', '200 g feta', '100 g pois chiches', '100 g yaourt grec', '1  oignon(s) rouge(s)', '½  citron(s)', '  sel, poivre']"
"Salade de quinoa, courgette, petit pois et menthe.html","['300 g courgette(s)', '150 g petits pois', '100 g quinoa', '  menthe', '  huile(s) végétale(s)']"
Salade de riz à la grecque.html,"['100 g riz', '250 g tomates cerises', '1  concombre', '150 g olives', '100 g feta', '½  oignon(s) rouge(s)', '  origan', '  huile d’olive']"
Salade de riz à la niçoise (pour bébé et toute la famille).html,"['100 g riz', '3  tomate(s)', '1  poivron(s) vert(s)', '1  concombre', '100 g févettes écossées', '1 poignée(s) olives noires', '2  oignon(s) nouveau(x)', '1 gousse(s) ail', '  thon', '  basilic', '  huile d’olive']"
"Salade de riz, avocat, tomates cerises et mozzarella.html","['250 g tomates cerises', '1  avocat', '1  mozzarella', '125 g riz', '1  citron', '  basilic', '  huile(s) végétale(s)']"
"Salade de riz, endive, maïs, bleu et noix.html","['150 g riz', '250 g endive(s)', '125 g maïs', '50 g fromage bleu', '1 poignée noix', '  ciboulette', '  vinaigrette']"
"Salade de tomates, pêche, melon et burrata.html","['½  melon', '250 g tomates cerises', '100 g salade verte', '2  burrata', '1  pêche(s) jaune(s)', ""2 c. à soupe huile d'olive"", '1 c. à soupe vinaigre balsamique', '  basilic', '  sel, poivre']"
"Salade d’endive, maïs, pomme, chèvre et noix.html","['5  endive(s)', '2  pomme(s)', '140 g maïs', '½  bûche de fromage de chèvre', '1 poignée noix', '1 c. à soupe huile de noix', '1 c. à soupe vinaigre de pomme']"
"Salade d’endives, poire, bleu et noix (pour bébé et toute la famille).html","['5  endive(s)', '2  poire(s)', '60 g fromage bleu', '60 g noix', '2 c. à soupe huile de noix']"
Salade estivale au melon.html,"['1  melon', '1  concombre', '300 g tomates cerises', '1  mozzarella', '3 feuilles basilic', '2 c. à soupe huile(s) végétale(s)', '1  pain']"
Sandwich aux boulettes de chou-fleur et lentilles.html,"['½  chou-fleur', '40 g lentilles corail', '150 g carotte(s)', '100 g farine', '3 c. à soupe huile d’olive', '  curry', '  mâche', '  fromage de chèvre']"
Saumon grillé et purée de chou blanc (pour bébé et toute la famille).html,"['2 pavé(s) saumon', '500 g chou blanc', '250 g pomme(s) de terre', '1  carotte(s)', '1 gousse(s) ail', '½  citron', '100 g fromage blanc', '2 c. à soupe huile(s) végétale(s)', '1 c. à soupe vinaigre blanc', '1 c. à soupe graines de sésame', '2 pincée(s) aneth']"
"Soupe au potiron, maïs, carotte et orange.html","['300 g carotte(s)', '400 g potiron', '150 g maïs', '1  orange', '1 c. à soupe huile(s) végétale(s)']"
Soupe aux légumes d’automne.html,"['150 g potimarron', '100 g carotte(s)', '100 g pomme(s) de terre', '½  oignon(s)', '40 g lait de coco', '1 c. à soupe huile(s) végétale(s)', '1 pincée(s) paprika', '  persil']"
Soupe aux légumes d’hiver.html,"['1  poireau(x)', '250 g navet(s)', '250 g pomme(s) de terre', '150 g carotte(s)', '  herbes aromatiques', '  huile(s) végétale(s)']"
Soupe chinoise aux légumes et vermicelles.html,"['¼  chou chinois', '125 g champignons', '125 g carotte(s)', '20 g vermicelles de soja', '  coriandre', '  gingembre', '  sauce soja', '  huile(s) végétale(s)']"
Soupe de carottes aux lentilles corail.html,"['1 L bouillon de légumes', '800 g carotte(s)', '200 g lentilles corail', '20 cL lait de coco', '1  oignon(s)', '1 gousse(s) ail', '1 c. à soupe huile(s) végétale(s)', '1 c. à café curry', '1 c. à café cumin', '  coriandre', '  sel, poivre']"
"Soupe de légumes au butternut, patate douce et poireau.html","['1 kg butternut', '300 g patate(s) douce(s)', '1  poireau(x)', '1 poignée noisettes', '2 c. à soupe huile(s) végétale(s)']"
Spaghetti aux boulettes de lentilles.html,"['200 g spaghetti', '240 g lentilles', ""30 g flocons d'avoine"", '400 g tomates', '1  oignon(s)', '1 gousse ail', '  épices', '  origan', '  huile d’olive']"
Spaghetti à la bolognaise végétarienne (aux lentilles).html,"['250 g pâtes', '100 g lentilles', '500 g tomate(s)', '250 g carotte(s)', '2 branches céleri-branche', '1  oignon(s)', '1 gousse ail', ""  huile d'olive"", '  herbes de Provence']"
Taboulé (pour bébé et toute la famille).html,"['100 g semoule de couscous', '3  tomate(s)', '1  concombre', '1  poivron(s) jaune(s)', '1 poignée(s) raisins secs', '½  citron', '2 c. à soupe huile d’olive', '1 bouquet menthe', '  sel, poivre']"
Taboulé de quinoa à l’asiatique.html,"['300 g carotte(s)', '100 g brocoli', '120 g quinoa', '1 petit oignon rouge', '1 poignée cacahuètes', '1 c. à soupe sauce soja', '2 c. à soupe huile de sésame', '1  citron vert', '1 bouquet coriandre', '  graines de sésame']"
Tagliatelles au pesto de courgette.html,"['400 g courgette(s)', '200 g pâtes', '40 g parmesan', '30 g pignons de pin', '20 g basilic', ""2 c. à soupe huile d'olive"", '1 gousse ail']"
Tagliatelles aux courgettes jaunes.html,"['300 g courgette(s) jaune(s)', '250 g pâtes', '100 g tomates cerises', '1  échalote(s)', '1 gousse ail', ""1 c. à soupe huile d'olive"", '½ c. à café herbes de Provence', '  basilic']"
Tajine de légumes aux pruneaux.html,"['300 g patate(s) douce(s)', '250 g navet(s)', '125 g pois chiches', '100 g pruneau(x)', '1  oignon(s)', '1 c. à soupe amandes', '  huile d’olive', '  épices', '150 g semoule de couscous']"
Tajine de poulet aux pruneaux (pour bébé et toute la famille).html,"['250 g poulet', '250 g pomme(s) de terre', '250 g carotte(s)', '250 g navet(s)', '20  pruneau(x)', '1  oignon(s)', '1 c. à café épices à tajine', '1 bouquet coriandre', '2 c. à soupe huile d’olive']"
Tajine végétarien aux légumes d’été et olives.html,"['2  aubergine(s)', '2  courgette(s)', '400 g tomates concassées', '1  poivron(s) jaune(s)', '1  oignon(s)', '150 g semoule de couscous', '125 g pois chiches', '50 g olives', ""2 c. à soupe huile d'olive"", '1 c. à café cumin', '1 c. à café gingembre', '½ c. à café cannelle']"
Tarte aux carottes et cumin (pour bébé et toute la famille).html,"['200 g farine', '80 mL huile(s) végétale(s)', '80 mL eau chaude', '1 kg carotte(s)', '4  oeuf(s)', '2 c. à café cumin']"
Tarte aux fraises revisitée.html,"['400 g compote de pommes', ""100 g poudre d'amandes"", '100 g farine', '80 g beurre', '4 c. à café poudre à lever', '20 cL crème liquide', '125 g mascarpone', '1 c. à café vanille ', '250 g fraises']"
Tarte aux poireaux et sarrasin.html,"['3  poireau(x)', '3  oeuf(s)', '40 g fromage râpé', '200 g farine de sarrasin', '40 mL huile d’olive', '120 mL eau chaude']"
"Tarte aux épinards, chèvre et sarrasin (pour bébé et toute la famille).html","['500 g épinards', '1  fromage de chèvre', '3  oeuf(s)', '20 cL crème', '200 g farine de sarrasin', '40 mL huile(s) végétale(s)', '120 mL eau chaude']"
Tarte betterave chèvre et noix.html,"['400 g betterave(s)', '1  pâte brisée', '150 g yaourt grec', '120 g fromage de chèvre', '2  oeuf(s)', '8 cL lait', '1  salade verte', '1  oignon(s)', '1 gousse(s) ail', '15 g noix', ""1 c. à soupe huile d'olive"", '  sel, poivre']"
"Tarte feuilletée au fenouil, pomme, noix et chèvre frais.html","['2  fenouil', '2  pomme(s)', '1  pâte feuilletée', '1 poignée noix', '  fromage frais']"
Tarte fine au chou rouge et fourme d’Ambert.html,"['¼  chou rouge', ""100 g fourme d'Ambert"", '3 c. à soupe crème fraîche', '1 c. à soupe huile d’olive', '200 g farine', '72 g huile(s) végétale(s)', '80 mL eau chaude']"
Tarte moelleuse aux poireaux (pour bébé et toute la famille).html,"['3  poireau(x)', '4 c. à soupe crème fraîche', '1 c. à café curry', '250 g flocons d’avoine', '250 mL lait', '15 g graines de courges']"
Tarte polenta aux épinards et tomates cerises.html,"['150 g polenta', '250 g épinards', '100 g tomates cerises', '20 cL coulis de tomates', '50 g fromage râpé', '1 cube bouillon cube de légumes']"
"Tarte rustique au chou rouge, pommes et carottes (pour bébé et toute la famille).html","['1  pâte brisée', '500 g chou rouge', '250 g carotte(s)', '2  pomme(s)', '1  citron(s)', '1 poignée noix', '50 g fromage de chèvre', '1 pincée bicarbonate de soude alimentaire', '2 c. à soupe huile d’olive']"
"Tarte rustique au potiron, chèvre et noix.html","['400 g potiron', '200 g farine', '50 g huile d’olive', '80 mL eau chaude', '½  bûche de fromage de chèvre', '1 poignée noix', '  herbes aromatiques']"
Tarte rustique aux abricots .html,"['200 g farine', '80 mL eau tiède', '2 c. à soupe huile de tournesol', '10  abricot(s)', '200 g compote pomme abricots', ""3 c. à soupe poudre d'amandes"", '1 poignée amandes effilées', '1 jaune(s) oeuf(s)', '1 sachet(s) sucre vanillé']"
Tarte rustique cerises nectarines.html,"['200 g farine', '80 mL eau tiède', '2 c. à soupe huile de tournesol', '3  nectarine(s)', '10  cerises', '200 g compote de pommes', ""3 c. à café poudre d'amandes"", '1 poignée(s) amandes effilées', '1 jaune(s) oeuf(s)', '1 sachet(s) sucre vanillé']"
Tarte salée aux carottes et chou rouge.html,"['1  pâte brisée', '¼  chou-rouge', '2  carotte(s)', '3  oeuf(s)', '200 mL crème liquide', '100 mL lait', '3 pincée(s) muscade moulue', '1 pincée(s) cannelle', '  salade verte', '  sel, poivre']"
Tarte salée mâche ricotta.html,"['1  pâte brisée', '4  oeuf(s)', '200 g ricotta', '100 g mâche', '50 g emmental râpé', '  ciboulette', '  sel, poivre']"
Tarte tatin au fenouil.html,"['1  pâte feuilletée', '2  fenouil', '6  oignons nouveaux', '2 c. à soupe moutarde douce', '2 c. à soupe sauce soja', '1 c. à soupe vinaigre balsamique', '  sel, poivre', '  salade verte']"
Tarte tatin aux navets et au chèvre (pour bébé et toute la famille).html,"['750 g navet(s)', '½  bûche de fromage de chèvre', '2 c. à soupe miel', '200 g farine', '80 mL huile(s) végétale(s)', '80 mL eau chaude']"
Tarte à la rhubarbe.html,"['150 g noix', '150 g amandes', '150 g dattes', ""135 g flocons d'avoine"", '3 c. à soupe huile de coco', '250 mL lait', '2 jaune(s) oeuf(s)', '20 g sirop de dattes', '15 g fécule de maïs', '¼ c. à café vanille', '300 g rhubarbe', '200 g compote pomme fraise rhubarbe']"
"Tartelettes aux courgettes, basilic, pignons et feta.html","['1 à 2  courgette(s)', '150 g farine semi-complète', '50 g feta', '1 poignée pignons de pin', '  basilic', '  huile(s) végétale(s)', '  salade verte']"
Tartelettes aux poireaux et bleu.html,"['2  poireau(x)', '2  oeuf(s)', '50 g fromage bleu', '200 g farine', '72 g huile d’olive', '80 mL eau chaude']"
Tartelettes façon panna cotta fraises vanille (sans cuisson).html,"[""100 g flocons d'avoine"", '80 g dattes', '65 g amandes', '2 c. à soupe huile de coco', '20 g eau', '250 mL crème liquide', '150 mL lait', '50 g sirop de dattes', '3 feuilles gélatine', '½ c. à café vanille', '200 g fraises', '  zeste de citron vert']"
Tartelettes framboises pistaches.html,"[""100 g flocons d'avoine"", '80 g dattes', '65 g amandes', '2 c. à soupe huile de coco', '20 g eau', '50 g beurre', '1  oeuf', ""25 g poudre d'amandes"", '25 g poudre de pistaches', '25 g crème liquide', '15 g sirop de dattes', '250 g framboises', '30 g pistaches']"
"Tartelettes rustiques betterave, chèvre et noix.html","['250 g betterave(s)', '150 g farine', '50 g fromage de chèvre', '1 poignée noix', '35 g huile d’olive', '  mâche']"
Tartines aux figues et betterave (pour bébé et toute la famille).html,"['6  figue(s)', '150 g betterave(s) fraîche(s)', '4 à 5 tranche(s) pain complet', '50 g fromage de chèvre frais', '1 poignée(s) noix', '  thym', '  huile d’olive', '  salade verte']"
Tian aux légumes d’été (pour bébé et toute la famille).html,"['2  aubergine(s)', '2  courgette(s)', '4  tomate(s)', '1  oignon(s)', ""2 c. à soupe huile d'olive"", '  herbes de Provence']"
Tian patate douce fenouil.html,"['400 g patate(s) douce(s)', '1  fenouil', '1 gousse ail', '  huile d’olive', '  herbes de Provence']"
Tomates farçies au quinoa et petits légumes.html,"['5  tomate(s) à farcir', '150 g carotte(s)', '150 g poivron(s) rouge(s)', '75 g quinoa', ""2 c. à soupe huile d'olive"", '½ c. à café herbes de Provence', '1  salade verte']"
Trio arc-en-ciel de vitelotte panais et carotte (Recette de Noël).html,"['250 g pomme(s) de terre vitelotte', '250 g carotte(s)', '250 g panais', '  huile(s) végétale(s)']"
Velouté au chou frisé et croûtons à l’huile d’olive.html,"['½  chou vert', '2  pomme(s) de terre', '1 L bouillon de légumes', '40 mL lait de coco', '2 pincée(s) paprika', '  persil', '3 tranches pain', '1 c. à café huile d’olive']"
Velouté de brocoli et champignons rôtis.html,"['400 g brocoli', '50 g fromage frais', '300 g champignons', ""1 c. à soupe huile d'olive"", '1 cube(s) bouillon cube de légumes', '1 gousse(s) ail', '  pain', '  sel, poivre']"
Velouté de butternut carottes et poireaux.html,"['½  butternut', '2  pomme(s) de terre', '2  carotte(s)', '1  poireau(x)', '20 g beurre', '1 cube bouillon de légumes', '  crème fraîche']"
"Velouté de butternut, patates douces, coriandre et curcuma (pour bébé et toute la famille).html","['1  butternut', '2 à 3  patate(s) douce(s)', '1 bouquet coriandre', '1 c. à soupe curcuma', '2 c. à soupe huile(s) végétale(s)']"
"Velouté de carottes, lentilles corail, coco et curry.html","['400 g carotte(s)', '100 g lentilles corail', '20 cL lait de coco', '1 c. à café curry', '3 tranches pain', '  huile d’olive']"
Velouté de chou kale.html,"['200 g chou kale', '200 g pomme(s) de terre', '40 mL lait de coco', '½  oignon', '½  citron(s)', '1 c. à soupe huile d’olive', '2 pincée(s) cumin']"
"Velouté de chou-fleur, poire et bleu.html","['1  chou-fleur', '3  poire(s)', '50 g fromage bleu', '1  pain de campagne']"
Velouté de légumes.html,"['2  poireau(x)', '2  navet(s)', '5  pomme(s) de terre', '5  carotte(s)', '20 g beurre', '1  bouillon cube de légumes', '  sel, poivre', '  pain', '  fromage frais']"
Velouté de panais & patates douces aux cacahuètes.html,"['500 g panais', '250 g patate(s) douce(s)', '2 c. à soupe purée de cacahuètes', '1 poignée cacahuètes']"
"Velouté de panais onctueux à la ricotta, croustillant aux noisettes.html","['750 g panais', '100 g ricotta', '500 mL lait', '25 g beurre', '25 g farine', '25 g noisettes', '25 g parmesan']"
"Velouté de patate douce, carotte, lait de coco, lentilles corail et curry.html","['300 g patate(s) douce(s)', '300 g carotte(s)', '75 g lentilles corail', '20 cL lait de coco', '  curry']"
Velouté de petits pois à la menthe et tartines au radis.html,"['350 g petits pois', '1 botte radis', '3 tranches pain de campagne', '  fromage frais', '  menthe', '  ciboulette', '  huile(s) végétale(s)']"
Verrines de yaourt grec au muesli et nectarine.html,"['2  nectarine(s)', '300 g yaourt grec', '150 g muesli', '1 poignée baies de goji']"
Wraps au houmous de fenouil et poivrons grillés.html,"['5  galette(s) de blé', '3  poivron(s)', '250 g fenouil', '125 g pois chiches', '1  salade verte', '1  feta', '1  citron', '  huile(s) végétale(s)', '  sel, poivre']"
Wraps aux crudités.html,"['250 g carotte(s)', '1  radis noir', '½  laitue', '140 g maïs', '5  galette(s) de blé', '  coriandre', '125 g haricots blancs', '½  citron', '1 c. à café huile(s) végétale(s)', '1 pincée(s) cumin']"
Wraps aux légumes croquants (pour bébé et toute la famille).html,"['4  galette(s) de blé', '4 feuille(s) laitue', '2  carotte(s)', '1  concombre', '1  avocat(s)', '200 g fromage frais', '4 tranche(s) jambon blanc', '  sel, poivre']"
Épinards crémeux à l’indienne.html,"[""300 g pousses d'épinards"", '250 g tomates concassées', '200 mL lait de coco', '150 g riz', '1  oignon(s)', '1 gousse(s) ail', ""2 c. à soupe huile d'olive"", '2 c. à café cumin', '1 c. à café curry', '½ c. à café curcuma', '2  naan']"
