Recettes,Ingr√©dients
Abricot en morceaux.html,['1  abricot(s)']
Baby cheesecake √† la vanille.html,"['50 g dattes medjhoul', ""20 g poudre d'amandes"", '20 g flocons d‚Äôavoine', '4  petit-suisse', '1  oeuf(s)', '¬Ω gousse(s) vanille']"
Banana bread.html,"['4  banane(s)', '150 g farine', '100 g compote de pommes', '3  oeuf(s)', ""110 g poudre d'amandes"", '¬Ω sachet(s) poudre √† lever']"
Banane fant√¥me (pour Halloween).html,"['1  banane', '1 carr√©(s) chocolat noir']"
Banane mix√©e √† la myrtille.html,"['1  banane(s)', '30 g myrtilles']"
Banane pour b√©b√©.html,['1  banane(s)']
Barquettes aux framboises (sans sucre).html,"['150 g compote de pommes', '100 g farine', '2  oeuf(s)', '50 g framboises', '1 c. √† caf√© poudre √† lever', '1 pinc√©e(s) vanille en poudre']"
Barquettes aux fruits.html,"['1  oeuf(s)', '85 g farine', '85 g fromage blanc', '30 g cassonade', '1 c. √† caf√© poudre √† lever', '1 pinc√©e(s) vanille', '25 g framboises', '25 g fraises', '50 g mangue']"
Barres de c√©r√©ales.html,"[""200 g flocons d'avoine"", '1  banane(s)', '100 g compote de pommes', '100 g raisins secs', ""2 c. √† soupe pur√©e d'amandes""]"
Biscuit √† la cuill√®re vanill√©.html,"['50 g farine', '1  oeuf(s)', '10 g huile(s) v√©g√©tale(s)', '10 g sucre', '1 c. √† caf√© f√©cule de ma√Øs', '¬º c. √† caf√© poudre √† lever', '¬Ω gousse(s) vanille']"
Biscuits fondants fa√ßon ¬´¬†carrot cake¬†¬ª.html,"['50 g carotte(s)', '50 g compote de pommes', ""25 g flocons d'avoine"", '25 g noisettes en poudre', '1 pinc√©e(s) cannelle']"
Biscuits pomme noisettes.html,"['80 g farine', '50 g noisettes en poudre', '50 g jus de pommes', '25 g huile(s) v√©g√©tale(s)']"
Bonbons banane (sans friture).html,"['2  banane(s)', '1  oeuf(s)', '40 g farine', '1 c. √† soupe huile(s) v√©g√©tale(s)', '  vanille']"
Bouillie aux c√©r√©ales infantiles.html,"['150 mL eau', '5 mesurettes lait infantile', '3 c. √† soupe c√©r√©ales infantiles']"
Bouza tunisienne (cr√®me de noisettes).html,"['50 g pur√©e de noisettes', '1 c. √† soupe f√©cule de ma√Øs', '250 mL lait']"
Bowl cake √† la poire et aux noix de p√©can.html,"['1   oeuf(s)', '1  poire(s)', ""30 g flocons d'avoine"", ""15 g poudre d'amandes "", '2 g poudre √† lever', '15 g noix de p√©can ', '1 pinc√©e(s) vanille en poudre']"
B√ªche de No√´l poire noisette.html,"['4  oeuf(s)', '125 g farine', '125 g sucre', '3 g poudre √† lever', '1 pinc√©e vanille en poudre', '200 g compote pomme poire', '100 g pur√©e de noisettes', '50 mL lait', '100 mL cr√®me liquide', '60 g mascarpone', '1 pinc√©e vanille en poudre']"
Cake ananas noix de coco.html,"['150 g compote pomme ananas', '80 g farine', '2  oeuf(s)', '25 g noix de coco r√¢p√©e', '1 c. √† caf√© poudre √† lever']"
"Cake au citron, avoine et amandes.html","['150 g yaourt grec', '3  oeuf(s)', '90 g sirop de dattes', '2  citron(s)', ""130 g farine d'avoine"", ""130 g poudre d'amandes"", '1 c. √† caf√© bicarbonate de soude alimentaire']"
Cake aux cerises.html,"['100 g cerises', '100 g compote de pommes', '50 g farine', '1  oeuf(s)', ""25 g poudre d'amandes"", '20 g huile(s) v√©g√©tale(s)', '1 c. √† caf√© poudre √† lever']"
Cake aux kakis.html,"['2  kaki(s)', ""150 g farine d'√©peautre"", '100 g yaourt', '60 mL huile(s) v√©g√©tale(s)', ""50 g poudre d'amandes"", '40 mL lait', '5  dattes', '2 c. √† caf√© poudre √† lever', '¬Ω c. √† caf√© bicarbonate de soude alimentaire', '2 pinc√©e(s) cannelle']"
Cake banane noix de p√©can.html,"['2  banane(s)', '250 g farine', '150 mL lait', '100 g fromage blanc', '2  oeuf(s)', ""50 g poudre d'amandes"", '50 g noix de p√©can', '50 g beurre', '30 g huile de tournesol', '1 sachet(s) poudre √† lever', '1 pinc√©e vanille en poudre']"
Cake marbr√© √† la caroube.html,"['300 g compote de pommes', '195 g farine', '4  oeuf(s)', '45 g huile(s) v√©g√©tale(s)', '30 g poudre de caroube', '2 c. √† caf√© poudre √† lever', '2 pinc√©e(s) vanille']"
Cake sans oeuf aux ch√¢taignes et noisettes.html,"['100 g compote de pommes', '60 g farine de ch√¢taignes', '25 g noisettes en poudre', '50 mL lait entier', '30 g huile(s) v√©g√©tale(s)', '1 c. √† caf√© poudre √† lever']"
Cerises en morceaux.html,['5  cerises']
Charlotte aux fraises pour b√©b√©.html,"['8  boudoirs', '6  fraises', '1  petit-suisse']"
Chocolat viennois √† la cannelle.html,"['20 cL lait entier', '1 c. √† soupe cacao en poudre', '1 c. √† caf√© f√©cule de ma√Øs', '¬Ω c. √† caf√© cannelle', '65 mL cr√®me liquide', '40 g mascarpone', '  vanille']"
Clafoutis amande raisin blanc.html,"['40 cL lait', '150 g raisins', '3  oeuf(s)', ""100 g poudre d'amandes"", '60 g beurre', '50 g farine ', '50 g f√©cule de ma√Øs', '50 g sirop de dattes', '1 poign√©e amandes effil√©es', '1 c. √† caf√© vanille']"
Clafoutis aux m√ªres.html,"['40 cL lait', '150 g m√ªres', '3  oeuf(s)', ""100 g poudre d'amandes"", '60 g beurre', '50 g farine', '50 g f√©cule de ma√Øs', '50 g sirop de dattes', '1 c. √† caf√© vanille']"
Cocktail de fruits en compotes.html,"['25 g compote de pommes', '25 g compote de framboises', ""25 g compote d'abricots"", '25 g compote de p√™ches', '25 g compote de fraises']"
Coeurs fondants pomme noisettes.html,"['100 g compote de pommes', '1  oeuf(s)', '25 g noisettes en poudre', '25 g farine', '20 g beurre', '2 c. √† caf√© pur√©e de noisettes', '1 c. √† caf√© poudre √† lever']"
Compote aux ch√¢taignes.html,"['2  pomme(s)', '50 g ch√¢taignes']"
Compote aux mirabelles.html,['500 g mirabelles']
Compote banane cerises.html,"['1  banane(s)', '150 g cerises']"
Compote banane fraise.html,"['1  banane(s)', '125 g fraises']"
Compote banane mangue orange.html,"['150 g mangue', '¬Ω  banane(s)', '¬Ω  orange(s)']"
Compote banane pomme orange.html,"['1  banane(s)', '1  pomme(s)', '1  orange(s)']"
Compote banane rhubarbe.html,"['1  banane(s)', '1 tige(s) rhubarbe']"
Compote biscuit√©e √† la framboise.html,"['1  pomme(s)', '200 g framboises', '2  biscuits friables']"
Compote cerises fraises et avoine.html,"[""40 g flocons d'avoine"", '100 g fraises', '100 g cerises']"
Compote de banane et fruit de la passion.html,"['1  banane', '1  fruit(s) de la passion']"
Compote de banane et raisins secs.html,"['1  banane(s)', '20 g raisins secs', '20 mL eau']"
Compote de coings.html,['1  coing(s)']
Compote de figues.html,"['1  pomme(s)', '4  figue(s)']"
Compote de fraises √† la menthe.html,"['1  pomme(s)', '125 g fraises', '1 feuille(s) menthe']"
Compote de fraises √† la verveine.html,"['1  pomme(s)', '125 g fraises', '1 feuille(s) verveine']"
Compote de framboise coco.html,"['1  pomme(s)', '200 g framboises', '2 c. √† caf√© noix de coco r√¢p√©e']"
Compote de framboises.html,"['1  pomme(s)', '200 g framboises']"
Compote de fruits rouges.html,"['1  pomme(s)', '100 g framboises', '100 g fraises']"
Compote de goyaviers et banane.html,"['1  banane(s)', '50 g goyaviers']"
Compote de kaki.html,['1  kaki(s)']
Compote de kiwi.html,"['2  kiwi(s)', '1  pomme(s)']"
Compote de litchi.html,"['2  pomme(s)', '10  litchis']"
Compote de mangue.html,"['150 g mangue', '1  pomme(s)']"
Compote de melon et vanille.html,"['100 g melon', '1  pomme(s)', '¬Ω gousse(s) vanille']"
Compote de myrtilles.html,"['1  pomme', '25 g myrtilles']"
Compote de nectarines.html,['200 g nectarine(s)']
Compote de poire et coing.html,"['1  coing(s)', '1  poire(s)']"
Compote de poire et pruneaux √† la vanille.html,"['2  poire(s)', '8  pruneau(x)', '¬Ω gousse(s) vanille']"
Compote de poires.html,"['1  poire(s)', '  jus de citron']"
Compote de pomme et coing.html,"['1  pomme(s)', '1  coing(s)']"
Compote de pomme gingembre et cannelle.html,"['1  pomme(s)', '1 bout gingembre', '1 pinc√©e(s) cannelle']"
Compote de pomme poire et coing.html,"['1  pomme(s)', '1  poire(s)', '1  coing(s)']"
"Compote de pomme, cerises et menthe üçí.html","['1  pomme(s)', '150 g cerises', '1 feuille(s) menthe']"
Compote de pommes pour b√©b√©.html,"['6  pomme(s)', '1 pinc√©e(s) cannelle', '1 pinc√©e(s) vanille', '¬Ω  cl√©mentine(s)']"
Compote de pommes.html,['1  pomme(s)']
Compote de pruneaux.html,"['1  pomme(s)', '50 g pruneau(x)']"
Compote de prunes.html,['200 g prune(s)']
Compote de p√™che √† la menthe.html,"['200g g p√™che(s)', '1 feuille(s) menthe']"
Compote de p√™ches.html,['200g g p√™che(s)']
Compote de raisins.html,"['1  pomme(s)', '100 g raisins']"
Compote d‚Äôabricot √† la verveine.html,"['150 g abricot(s)', '1 feuille(s) verveine']"
Compote d‚Äôabricots secs et pommes.html,"['2  pomme(s)', '100 g abricot(s) sec(s)']"
Compote d‚Äôabricots.html,['150 g abricot(s)']
"Compote fraise, rhubarbe, pomme.html","['1 tige(s) rhubarbe', '1  pomme(s)', '8  fraises']"
Compote kiwi banane mangue.html,"['150 g mangue', '1  banane(s)', '1  kiwi(s)']"
Compote papaye ananas.html,"['¬Ω  papaye(s)', '¬Ω  ananas']"
Compote poire-kiwi biscuit√©e.html,"['1  poire', '1  kiwi', '2  boudoir(s) pour b√©b√©']"
Compote pomme abricot coco.html,"['1  pomme(s)', '150 g abricot(s)', '1 c. √† caf√© noix de coco r√¢p√©e']"
Compote pomme abricots.html,"['1  pomme(s)', '150 g abricot(s)']"
Compote pomme banane ananas.html,"['1  pomme(s)', '125 g ananas', '1  banane(s)']"
Compote pomme banane cerises.html,"['1  pomme(s)', '1  banane(s)', '150 g cerises']"
Compote pomme banane et cannelle.html,"['1  pomme(s)', '1  banane(s)', '1 pinc√©e(s) cannelle', '  jus de citron']"
Compote pomme banane fraise.html,"['1  pomme(s)', '1  banane(s)', '125 g fraises']"
Compote pomme banane rhubarbe.html,"['1  pomme(s)', '1  banane(s)', '1 tige(s) rhubarbe']"
Compote pomme banane.html,"['1  pomme(s)', '1  banane(s)', '  jus de citron']"
Compote pomme cannelle.html,"['1  pomme(s)', '1 pinc√©e(s) cannelle']"
Compote pomme cerises.html,"['1  pomme(s)', '150 g cerises']"
Compote pomme fraise et basilic.html,"['1  pomme(s)', '125 g fraises', '1 feuille(s) basilic']"
Compote pomme fraise.html,"['1  pomme(s)', '125 g fraises']"
Compote pomme grenade.html,"['3  pomme(s)', '1  grenade']"
Compote pomme kaki.html,"['1  kaki(s)', '1  pomme(s)']"
Compote pomme kiwi mangue.html,"['150 g mangue', '1  pomme(s)', '1  kiwi(s)']"
Compote pomme m√ªres.html,"['1  pomme(s)', '30 g m√ªres']"
Compote pomme orange.html,"['1  pomme(s)', '¬Ω  orange(s)']"
Compote pomme poire kaki.html,"['1  kaki(s)', '1  pomme(s)', '1  poire(s)']"
Compote pomme poire raisins.html,"['1  pomme(s)', '1  poire(s)', '100 g raisins']"
Compote pomme poire.html,"['1  poire(s)', '1  pomme(s)', '  jus de citron']"
Compote pomme pruneaux coing.html,"['1  pomme(s)', '1  coing(s)', '50 g pruneau(x)']"
Compote pomme p√™ches.html,"['1  pomme(s)', '200 g p√™che(s)']"
Compote pomme rhubarbe et amande.html,"['1  pomme(s)', '1 tige(s) rhubarbe', ""20 g poudre d'amandes""]"
Compote pomme rhubarbe.html,"['1  pomme(s)', '1 tige(s) rhubarbe']"
Compote pomme-cl√©mentine.html,"['2  pomme(s)', '2  cl√©mentine(s)']"
Compote p√™ches pomme abricots.html,"['1  pomme(s)', '1  p√™che(s)', '2  abricot(s)']"
Compote √† l‚Äôananas.html,"['2  pomme(s)', '250 g ananas']"
Cookies moelleux banane avoine et fruits secs.html,"['1  banane(s)', ""50 g flocons d'avoine"", '20 g fruits secs']"
CreÃÄme banane avocat citron.html,"['¬Ω  banane(s)', '¬Ω  avocat(s)', '¬Ω  citron(s)']"
Cr√®me de banane (au lait infantile).html,"['1 petite(s) banane(s)', '30 mL eau', '3 mesurettes lait infantile', '1 c. √† caf√© jus de citron']"
Cr√®me de banane et cerises.html,"['1  petit-suisse', '¬Ω  banane(s)', '5  cerises']"
Cr√®me de corossol et citron vert.html,"['100 g corossol', '¬Ω  citron vert']"
Cr√®me de riz √† la poire.html,"['15 g riz rond', '1  poire(s)', '150 mL lait', '¬º gousse(s)  vanille']"
Cr√®me de sapote noire.html,['1  sapote(s) noire(s)']
Cr√®me dessert (au lait infantile).html,"['150 mL eau', '5 mesurettes lait infantile', '1 c. √† caf√© f√©cule de ma√Øs', '¬º gousse vanille']"
Cr√®me dessert coco litchi.html,"['150 g litchis', '80 g cr√®me de coco', '1 g agar-agar']"
Cr√™pes aux graines de chia et coco (sans oeuf).html,"['2 c. √† soupe graines de chia', '3 c. √† soupe eau', '1 c. √† soupe huile de coco', '2 c. √† soupe farine de coco', '200 g farine', '500 mL lait']"
Cupcakes banane myrtilles.html,"['100 g farine', '2  oeuf(s)', '1  banane(s)', '50 g myrtilles', '2 pinc√©e(s) vanille en poudre', '10 cL cr√®me liquide', '60 g mascarpone']"
C‚Äôest l‚Äô√©t√©,[]
Donuts pomme cannelle.html,"['150 mL jus de pommes', ""140 g farine d'√©peautre"", '50 g compote de pommes', '30 g huile(s) v√©g√©tale(s)', '1 c. √† caf√© poudre √† lever', '1 pinc√©e vanille', '1 pinc√©e cannelle']"
Douceur de potiron et pomme √† la cannelle.html,"['200 g potiron', '3  pomme(s)', '1 c. √† caf√© cannelle', '¬º gousse vanille']"
Duo mangue ‚Äì coco.html,"['100 g fromage blanc', '100 g mangue', '1 c. √† soupe noix de coco r√¢p√©e']"
D√©lice fa√ßon cheesecake au citron.html,"['2  biscuit(s) pour b√©b√©', '100 g fromage blanc', '¬Ω  citron(s)']"
Energy balls aux abricots amande et coco.html,"['100 g abricot(s) sec(s)', '50 g amandes', '25 g noix de coco r√¢p√©e']"
Energy balls aux pruneaux et avoine.html,"['100 g pruneau(x)', '50 g noisettes', ""25 g flocons d'avoine""]"
Energy balls canneberge cajou.html,"['100 g canneberges s√©ch√©es', '50 g noix de cajou', '  noix de coco r√¢p√©e']"
Energy balls papaye coco.html,"['100 g papaye(s)', '40 g noix de coco r√¢p√©e', ""40 g flocons d'avoine"", ""1 c. √† soupe pur√©e d'ol√©agineux""]"
Energy bowl √† la banane.html,"['¬Ω  banane(s)', '100 g yaourt', ""25 g flocons d'avoine"", '1 c. √† caf√© pur√©e de cacahu√®tes']"
Esquimaux aux framboises (glaces).html,"['3  petit-suisse', '100 g framboises']"
Esquimaux mangue kiwi.html,"['100 g kiwi', '100 g mangue']"
Esquimaux p√®che abricot (glaces).html,"['60 mL lait entier ', '50 g abricot(s)', '50 g p√™che(s)']"
Far breton aux abricots secs.html,"['250 mL lait', '200 g abricot(s) sec(s)', '2  oeuf(s)', '50 g farine']"
Flan coco-vanille (ou cacao).html,"['240 mL eau', '8 mesurettes lait infantile', '1 g agar-agar', '  cr√®me de coco', '  ar√¥me au choix : vanille, cacao (non sucr√©) ou caroube en poudre']"
Fondant √† la sapote noire.html,"['150 g sapote(s) noire(s)', '1  oeuf(s)', '40 g farine']"
Fraises en morceaux.html,['2  fraises']
Fromage blanc coco & coulis passion.html,"['2 c. √† soupe fromage blanc', '1 c. √† caf√© noix de coco r√¢p√©e', '¬Ω  fruit(s) de la passion']"
Fruits de No√´l.html,"['1  kiwi(s)', '1  kaki(s)', '1  mangue', '10 g noix de coco r√¢p√©e']"
Gaufres pomme rhubarbe.html,"['150 g compote pomme rhubarbe', '100 g farine', '2  oeuf(s)', '1 c. √† caf√© poudre √† lever', '1 pinc√©e(s) vanille']"
Gaufres sucr√©es aux haricots rouges.html,"[""100 g flocons d'avoine"", '100 g haricots rouges', '50 g farine', '20 cL lait', '1 c. √† caf√© poudre √† lever', ""1 c. √† caf√© pur√©e d'ol√©agineux"", ""1 c. √† soupe fleur d'oranger"", '1 c. √† soupe miel']"
Gaufres √† la banane (sans oeuf).html,"['1  banane', '75 g farine', '100 mL lait', '1 c. √† caf√© huile(s) v√©g√©tale(s)', '1 pinc√©e(s) poudre √† lever']"
Gaufres √† la compote de pommes.html,"['100 g compote de pommes', '200 g farine', '200 mL lait', '1 c. √† caf√© poudre √† lever', '1 c. √† soupe huile de tournesol', '1 pinc√©e cannelle']"
Gaufres √† l‚Äôorange.html,"['130 g farine', '100 g compote de pommes', '1  orange(s)', '60 mL lait', '1 c. √† caf√© huile(s) v√©g√©tale(s)', '1 c. √† caf√© poudre √† lever']"
Glace 100% banane (nicecream).html,['1  banane(s)']
Glace au corossol.html,['500 g corossol']
Glace banane framboises.html,"['100 g banane(s)', '50 g framboises', '30 mL lait']"
Glace mangue coco.html,"['150 g mangue', '50 mL lait de coco']"
Glaces au melon.html,['100 g melon']
Glaces aux fruits (petits sorbets).html,['100 g fruits frais de saison']
G√¢teau banane¬†ti‚Äôson (√† la farine de ma√Øs).html,"['2  banane(s)', '100 g fromage blanc', '50 g farine de ma√Øs', '  vanille']"
G√¢teau chouchou banane.html,"['¬Ω  chayote(s)', '1  banane(s)', '1  oeuf(s)', '25 g beurre', '1 c. √† soupe farine', '¬Ω gousse(s) vanille']"
G√¢teau fondant au potimarron.html,"['500 g potimarron', '130 mL lait', '100 g farine semi-compl√®te', '2  oeuf(s)', '5  dattes', '1 c. √† caf√© poudre √† lever', ""¬Ω c. √† caf√© m√©lange √† pain d'√©pices"", '10 cL cr√®me liquide', '60 g mascarpone', '1 pinc√©e vanille en poudre']"
G√¢teau patate √† la vanille.html,"['250 g patate(s) douce(s)', '1  oeuf(s)', '¬Ω gousse(s) vanille']"
G√¢teau √† la grenade.html,"['250 g compote pomme grenade', '80 g farine', '2  oeuf(s)', '1 c. √† caf√© poudre √† lever', ""¬Ω c. √† caf√© fleur d'oranger""]"
G√¢teaux aux amandes et groseilles.html,"['100 g farine', ""50 g poudre d'amandes"", '1  oeuf(s)', '10 cl lait', '20 g beurre', '1 c. √† caf√© poudre √† lever', '125 g groseilles']"
Kiwi en morceaux.html,['1  kiwi(s)']
La banane √©cras√©e r√©v√®le tous ses bienfaits !.html,"['1  banane(s)', '1 pinc√©e(s) cannelle']"
Lassi mangue (au lait infantile).html,"['100 g mangue', '1 c. √† soupe eau', '1 c. √† soupe cr√®me de coco', '2 mesurettes lait infantile']"
Madeleines banane pomme et vanille.html,"['2  oeuf(s)', '100 g farine', '1  banane(s)', '50 g compote de pommes', '1 pinc√©e(s) vanille']"
Madeleines √† la p√™che.html,"['2  oeuf(s)', '100 g farine', '1  banane(s)', '50 g compote de p√™ches', '1 pinc√©e(s) vanille en poudre', '1 c. √† caf√© poudre √† lever']"
Mangue en morceaux.html,['100 g mangue']
Melon en morceaux.html,['  melon']
Milkshake aÃÄ la framboise.html,"['150 mL lait', '50 g framboises congel√©es']"
Milkshake d‚Äôautomne √† la banane.html,"['150 mL lait', '¬Ω  banane(s)', '2  dattes', '1 c. √† caf√© cacao en poudre', '1 c. √† caf√© pur√©e de noisettes', '¬Ω c. √† caf√© cannelle']"
Milkshake mangue banane et curcuma.html,"['1  banane(s)', '200 g mangue', '1 c. √† caf√© curcuma', '200 mL lait']"
Milkshake mangue framboises.html,"['200 g mangue', '200 g framboises', '200 mL lait']"
Milkshake passion banane coco.html,"['¬Ω  banane(s)', '1  fruit(s) de la passion', '1 c. √† soupe lait de coco', '100 mL lait']"
Mille-feuille fondant aux pommes.html,"['1  pomme(s)', '1  oeuf(s)', '85 g farine', '¬Ω sachet(s) poudre √† lever', '10 g cassonade', '85 g fromage blanc']"
Mini cakes au pamplemousse.html,"['1  oeuf(s)', '85 g farine', '30 g cassonade', '85 g fromage blanc', '¬Ω sachet(s) poudre √† lever', '¬Ω  pamplemousse']"
Mini financiers pistaches abricots.html,"['100 g compote de pommes', ""100 g compote d'abricots"", '60 g farine', '50 g pistaches', '40 g huile(s) v√©g√©tale(s)', '40 mL lait', '1 c. √† caf√© poudre √† lever']"
Mini financiers pomme banane orange.html,"['2  oeuf(s)', '100  farine', '1  orange(s)', '1  banane(s)', '50 g compote de pommes', '20 g huile(s) v√©g√©tale(s)', '1 c. √† caf√© poudre √† lever']"
Moelleux au chocolat et courgette.html,"['200 g chocolat noir', '1  courgette(s)', '3  oeuf(s)', '50 g cassonade', '80 g farine', '¬Ω sachet(s) poudre √† lever']"
Mon premier esquimau (glace √† la fraise).html,"['3  petit-suisse(s)', '100 g fraises']"
Mousse au chocolat (sans oeufs).html,"['100 mL jus de pois chiches', '2 c. √† soupe pur√©e de noisettes', '1 c. √† caf√© cacao en poudre', '20 g sucre']"
Mousse de fruit de la passion.html,"['125 g cr√®me liquide', '100 g lait concentr√© non sucr√©', '4  fruit(s) de la passion', '10 g jus de citron', '1 feuille(s) g√©latine']"
Muffins aux cl√©mentines.html,"['1  cl√©mentine(s)', ""55 g poudre d'amandes"", '50 g compote de pommes', '1  oeuf(s)', '40 g huile(s) v√©g√©tale(s)', '40 g farine', '1 c. √† caf√© poudre √† lever']"
Muffins aux framboises et aux amandes.html,"['75 g farine ', ""40 g poudre d'amandes"", '1  oeuf(s)', '30 mL lait', '20 g huile(s) v√©g√©tale(s)', '¬Ω sachet(s) poudre √† lever', '¬Ω  banane(s)', '2 poign√©e(s) framboises', '1 poign√©e(s) amandes effil√©es']"
Muffins banane myrtilles.html,"['100 g farine', '2  oeuf(s)', '50 g myrtilles', '1  banane(s)', '1 c. √† caf√© poudre √† lever', '1 pinc√©e(s) vanille en poudre']"
Muffins canneberges citron pavot.html,"['125 g canneberges', '100 mL lait', '100 g farine', '2  oeuf(s)', '¬Ω  citron(s)', ""50 g poudre d'amandes"", '20 g beurre', '2 c. √† caf√© graines de pavot', '1 c. √† caf√© poudre √† lever']"
Muffins de banane plantain.html,"['2  banane(s) plantain', '3  oeuf(s)', '120 g farine de ma√Øs', ""60 g farine d'avoine"", '3 c. √† soupe huile(s) v√©g√©tale(s)', '1 c. √† caf√© poudre √† lever', '1 pinc√©e vanille en poudre', ""  flocons d'avoine""]"
Muffins fondants ananas carotte et cannelle.html,"['125 g compote pomme ananas', '100 g carotte(s)', '90 g farine', '60 mL lait', ""45 g flocons d'avoine"", '40 g huile(s) v√©g√©tale(s)', '1 c. √† caf√© poudre √† lever', '1 pinc√©e(s) cannelle']"
Muffins pomme amandes.html,"['100 g compote de pommes', ""25 g poudre d'amandes"", '25 g farine', '20 g beurre', '1 c. √† caf√© poudre √† lever']"
Muffins pomme rhubarbe.html,"['150 g compote pomme rhubarbe', '100 g farine', '2  oeuf(s)', '1 c. √† caf√© poudre √† lever', '1 pinc√©e(s) vanille']"
Muffins sans oeufs aux mirabelles.html,"['150 g mirabelles', '60 mL lait', '60 g farine', '50 g compote de pommes', '1 c. √† caf√© huile(s) v√©g√©tale(s)', '1 c. √† caf√© poudre √† lever', '1 pinc√©e(s) vanille']"
Muffins √† la courge et aux √©pices.html,"['200 g courge', '125 g farine', '2  oeuf(s)', '70 g huile(s) v√©g√©tale(s)', ""50 g sirop d'agave"", '40 g noisettes en poudre', '¬Ω sachet(s) poudre √† lever', '1 c. √† caf√© cannelle', '1 pinc√©e muscade moulue']"
Oeufs de P√¢ques pour b√©b√© (energy balls).html,"['10  dattes', '1 c. √† soupe pur√©e de noisettes', '1 c. √† soupe compote de pommes', ""4 c. √† soupe flocons d'avoine"", '2 c. √† soupe noix de coco r√¢p√©e']"
Oursons √† la caroube.html,"['2  oeuf(s)', '100 g compote de pommes', '70 g farine', '40 mL huile(s) v√©g√©tale(s)', '25 mL lait', '15 g poudre de caroube', '¬Ω c. √† soupe poudre √† lever', '1 pinc√©e(s) vanille en poudre']"
Pains d‚Äô√©pices fondants √† la pomme et noisettes.html,"['2  pomme(s)', '50 g noisettes en poudre', '50 g farine', '2 c. √† soupe huile(s) v√©g√©tale(s)', '2 c. √† caf√© poudre √† lever', '1 c. √† caf√© √©pices']"
Pancakes aux √©pinards pour b√©b√© et grands (super facile).html,"['100 g flocons d‚Äôavoine', '30 g pousses d‚Äô√©pinards', '1  banane(s)', '100 mL lait', '1  oeuf(s)', '1 pinc√©e(s) cannelle', '1 pinc√©e(s) vanille en poudre', '1 c. √† caf√© poudre √† lever']"
Pancakes poire noix de p√©can.html,"['2  poire(s)', '1  oeuf(s)', ""30 g flocons d'avoine"", ""15 g poudre d'amandes"", '15 g noix de p√©can', '1 c. √† soupe f√©cule de ma√Øs', '1 c. √† caf√© poudre √† lever']"
Pancakes sans oeuf √† la poire.html,"['100 g poire(s)', '60 g farine', '40 mL lait', '1 c. √† caf√© huile(s) v√©g√©tale(s)', '1 pinc√©e(s) vanille']"
Pancakes √† la banane (sans oeufs).html,"['2  banane(s)', '125 g farine', '100 mL lait', '1 c. √† caf√© huile(s) v√©g√©tale(s)']"
Panna cotta (au lait infantile).html,"['250 mL eau', '8 mesurettes lait infantile', '¬º c. √† caf√© agar-agar', '¬º  gousse de vanille', '100 g compote de framboises']"
Papaye en morceaux.html,['100 g papaye(s)']
Past√®que √† picorer.html,['  past√®que']
Perles du japon coco-fraises.html,"['100 mL lait de coco', '100 mL lait', '10 g perles du japon', '1 poign√©e(s) fraises']"
Perles du japon √† la vanille (au lait infantile).html,"['20 g perles du japon', '250 mL eau', '8 mesurettes lait infantile', '¬Ω gousse(s) vanille']"
Petits boudoirs pour b√©b√©.html,"['150 g farine', '1  oeuf(s)', '50 g beurre', '40 g sucre de canne']"
Petits flans fa√ßon ‚Äúpumpkin pie‚Äù.html,"['100 g potiron', '1  pomme(s)', '50 mL lait', '1  oeuf(s)', '1 c. √† soupe f√©cule de ma√Øs', '1 c. √† caf√© cannelle', '¬º gousse vanille']"
Poire en morceaux.html,['1  poire(s)']
Pomme cuite √† la cannelle.html,"['1  pomme(s)', '1 pinc√©e(s) cannelle']"
Pomme en morceaux.html,['1  pomme']
Porridge pour b√©b√© (et toute la famille).html,"[""30 g flocons d'avoine"", '200 mL lait']"
Pruneaux lact√©s (au lait infantile).html,"['2  pruneaux', '90 mL eau', '3 mesurettes lait infantile', '1 c. √† caf√© f√©cule de ma√Øs']"
Pudding de chia aux p√™ches.html,"['1 c. √† soupe  graines de chia', '1 c. √† soupe noix de coco r√¢p√©e', '100 mL lait', '¬Ω  p√™che']"
Pumpkin biscuits.html,"['120 g noisettes en poudre', '120 g pur√©e de courge', '¬Ω c. √† caf√© cannelle']"
Pumpkin Pie (tarte √† la citrouille).html,"['200 g farine', '70 g beurre', '50 mL eau', '15 g sucre', '1 jaune(s) oeuf(s)', '300 g citrouille', '150 g cr√®me fra√Æche', '2  oeuf(s)', '5  dattes', '1 c. √† soupe f√©cule de ma√Øs', '¬Ω c. √† caf√© cannelle', '10 cL cr√®me liquide', '60 g mascarpone', '1 pinc√©e vanille en poudre']"
Pumpkin spice cookies.html,"[""130 g flocons d'avoine"", '120 g pur√©e de courge', '1  banane(s)', '60 g pur√©e d‚Äôamandes', '30 g p√©pites de chocolat', ""¬Ω c. √† caf√© m√©lange √† pain d'√©pices""]"
Pumpkin spice milk.html,"['240 mL lait', '50 g pur√©e de courge', ""1 c. √† caf√© sirop d'√©rable"", ""¬Ω c. √† caf√© m√©lange √† pain d'√©pices""]"
P√¢te √† cr√™pes (pour b√©b√© et toute la famille).html,"['80 g farine', '1  oeuf(s)', '10 g beurre', '150 ml lait']"
P√¢tes de fruits (sans sucre).html,"['150 g fruits frais de saison', '1 g agar-agar']"
P√™che en morceaux.html,['1  p√™che(s)']
Quatre-quarts citron pavot.html,"['1  oeuf(s)', '85 g farine', '85 g cassonade', '85 g fromage blanc', '¬Ω sachet(s) poudre √† lever', '1  citron(s)', '1 c. √† soupe graines de pavot']"
Raisin en morceaux.html,['5 grains raisins']
Riz au lait pour b√©b√© (et toute la famille).html,"['50 g riz rond', '500 mL lait', '1 gousse(s) vanille', '  compote de fruits']"
Sabl√©s au citron.html,"['200 g farine', ""25 g poudre d'amandes"", '80 g beurre', '50 g sucre', '1  oeuf(s)', '1  citron(s)']"
Sabl√©s aux framboises.html,"['200 g farine', '100 g framboises', '80 g beurre', '50 g sucre', ""25 g poudre d'amandes"", '1  oeuf(s)']"
Sabl√©s √† la mangue.html,"['200 g farine', ""25 g poudre d'amandes"", '80 g beurre', '50 g sucre glace', '1  oeuf(s)', '100 g mangue']"
Salade fraises et basilic.html,"['1 poign√©e(s) fraises', '1 feuille(s) basilic']"
Sapins moelleux aux √©pices et √† la courge.html,"['150 g farine', '125 g courge', ""50 g poudre d'amandes"", '50 g compote de pommes', '10 g huile(s) v√©g√©tale(s)', '¬Ω c. √† caf√© bicarbonate de soude alimentaire', '¬Ω c. √† caf√© cannelle', '1 pinc√©e gingembre', ""  pur√©e d'ol√©agineux""]"
Semoule au lait pour b√©b√© (et toute la famille).html,"['30 g semoule fine', '300 mL lait', '¬Ω gousse(s) vanille']"
Smoothie ananas banane tangor.html,"['50 g ananas', '50 g banane(s)', '¬Ω  tangor', '50 mL eau']"
Smoothie banane mangue orange.html,"['¬Ω  banane(s)', '50 g mangue', '¬Ω  orange(s)']"
Smoothie bowl √† la fraise.html,"['¬Ω  banane', '5  fraises', '1 c. √† soupe flocons d‚Äôavoine', '1 c. √† caf√© noix de coco r√¢p√©e', '¬Ω c. √† caf√© pur√©e d‚Äôamandes']"
Smoothie grenade cl√©mentine et canneberges.html,"['1  grenade', '200 g canneberges', '1  cl√©mentine', '2 c. √† soupe jus de citron']"
Smoothie grenade pamplemousse aux amandes.html,"['1  grenade', '1  banane(s)', '1  pamplemousse', ""25 g poudre d'amandes""]"
Sorbets pomme rhubarbe (glaces).html,"['1  pomme(s)', '1 tige(s) rhubarbe']"
Sorbets √† l‚Äôananas (glaces).html,['100 g ananas']
Soupe de past√®que √† la framboise.html,"['80 g past√®que', '8  framboises']"
Supr√™mes de pamplemousse.html,['1  pamplemousse']
Supr√™mes d‚Äôorange.html,['1  orange(s)']
Tartare de mangue et cr√®me √† la vanille.html,"['100 g mangue', '100 g cr√®me √† la vanille']"
Tarte fine aux pommes (petits poissons).html,"['100 g farine', '2 c. √† soupe huile(s) v√©g√©tale(s)', '40 mL eau ti√®de', '100 g compote de pommes', '1  pomme(s)', '  cannelle', '2  raisins secs']"
Tiramisu aux framboises.html,"['2  biscuit(s) pour b√©b√©', '1  petit-suisse', '1 c. √† caf√© mascarpone', '10  framboises', '  vanille en poudre']"
"Velout√© de p√™che, amande et avoine.html","['1  p√™che(s)', ""1 c. √† caf√© poudre d'amandes"", ""1 c. √† caf√© flocons d'avoine"", '50 mL eau']"
Virgin pina coladaüçπ.html,"['80 g ananas', '20 mL lait de coco', '1  gla√ßon']"
Yaourts aromatis√©s.html,"['1  yaourt nature', '1  ar√¥me au choix ‚¨áÔ∏è']"
Yaourts maison.html,"['1 L lait entier', '1 sachet(s) ferments lactiques']"
